2025-09-27T17:46:31.048416717Z [inf]  2025-09-27 17:46:31 +00:00: }
2025-09-27T17:46:37.522967695Z [inf]  2025-09-27 17:46:37 +00:00: API Usage: {
2025-09-27T17:46:37.522978193Z [inf]  2025-09-27 17:46:37 +00:00:   endpoint: '/lawyer-consultancy',
2025-09-27T17:46:37.522984754Z [inf]  2025-09-27 17:46:37 +00:00:   method: 'GET',
2025-09-27T17:46:37.522990293Z [inf]  2025-09-27 17:46:37 +00:00:   timestamp: '2025-09-27T17:46:37.508Z',
2025-09-27T17:46:37.522995696Z [inf]  2025-09-27 17:46:37 +00:00:   userId: 'anonymous',
2025-09-27T17:46:37.523001477Z [inf]  2025-09-27 17:46:37 +00:00:   apiKey: 'none',
2025-09-27T17:46:37.523008192Z [inf]  2025-09-27 17:46:37 +00:00:   ip: '100.64.0.3',
2025-09-27T17:46:37.523013972Z [inf]  2025-09-27 17:46:37 +00:00:   userAgent: 'Mozilla/5.0 (Windows NT 10.0; Win64; x64) AppleWebKit/537.36 (KHTML, like Gecko) Chrome/140.0.0.0 Safari/537.36'
2025-09-27T17:46:37.523019067Z [inf]  2025-09-27 17:46:37 +00:00: }
2025-09-27T17:46:40.443694039Z [inf]  2025-09-27 17:46:40 +00:00: API Usage: {
2025-09-27T17:46:40.443705749Z [inf]  2025-09-27 17:46:40 +00:00:   endpoint: '/api/v1/auth/login',
2025-09-27T17:46:40.443712980Z [inf]  2025-09-27 17:46:40 +00:00:   method: 'POST',
2025-09-27T17:46:40.443718723Z [inf]  2025-09-27 17:46:40 +00:00:   timestamp: '2025-09-27T17:46:40.434Z',
2025-09-27T17:46:40.443725233Z [inf]  2025-09-27 17:46:40 +00:00:   userId: 'anonymous',
2025-09-27T17:46:40.443730163Z [inf]  2025-09-27 17:46:40 +00:00:   apiKey: 'none',
2025-09-27T17:46:40.443735925Z [inf]  2025-09-27 17:46:40 +00:00:   ip: '100.64.0.3',
2025-09-27T17:46:40.443742131Z [inf]  2025-09-27 17:46:40 +00:00:   userAgent: 'Mozilla/5.0 (Windows NT 10.0; Win64; x64) AppleWebKit/537.36 (KHTML, like Gecko) Chrome/140.0.0.0 Safari/537.36'
2025-09-27T17:46:40.443747537Z [inf]  2025-09-27 17:46:40 +00:00: }
2025-09-27T17:46:40.443753524Z [inf]  2025-09-27 17:46:40 +00:00: Auth Event: {
2025-09-27T17:46:40.443759311Z [inf]  2025-09-27 17:46:40 +00:00:   eventType: 'login',
2025-09-27T17:46:40.443765103Z [inf]  2025-09-27 17:46:40 +00:00:   timestamp: '2025-09-27T17:46:40.434Z',
2025-09-27T17:46:40.443770789Z [inf]  2025-09-27 17:46:40 +00:00:   ip: '100.64.0.3',
2025-09-27T17:46:40.443788493Z [inf]  2025-09-27 17:46:40 +00:00:   userAgent: 'Mozilla/5.0 (Windows NT 10.0; Win64; x64) AppleWebKit/537.36 (KHTML, like Gecko) Chrome/140.0.0.0 Safari/537.36',
2025-09-27T17:46:40.443794662Z [inf]  2025-09-27 17:46:40 +00:00:   success: true
2025-09-27T17:46:40.443800022Z [inf]  2025-09-27 17:46:40 +00:00: }
2025-09-27T17:46:40.715806033Z [inf]  2025-09-27 17:46:40 +00:00: {
2025-09-27T17:46:40.715812917Z [inf]  2025-09-27 17:46:40 +00:00:   requestId: 'dd5c365a-04ab-4cc1-ab7e-5a63fe1a6932',
2025-09-27T17:46:40.715819204Z [inf]  2025-09-27 17:46:40 +00:00:   method: 'POST',
2025-09-27T17:46:40.715837452Z [inf]  2025-09-27 17:46:40 +00:00:   url: '/login',
2025-09-27T17:46:40.715843272Z [inf]  2025-09-27 17:46:40 +00:00:   statusCode: 200,
2025-09-27T17:46:40.715849216Z [inf]  2025-09-27 17:46:40 +00:00:   duration: '273ms',
2025-09-27T17:46:40.715854946Z [inf]  2025-09-27 17:46:40 +00:00:   userAgent: 'Mozilla/5.0 (Windows NT 10.0; Win64; x64) AppleWebKit/537.36 (KHTML, like Gecko) Chrome/140.0.0.0 Safari/537.36',
2025-09-27T17:46:40.715859798Z [inf]  2025-09-27 17:46:40 +00:00:   ip: '100.64.0.3',
2025-09-27T17:46:40.715864356Z [inf]  2025-09-27 17:46:40 +00:00:   userId: 'anonymous',
2025-09-27T17:46:40.715869282Z [inf]  2025-09-27 17:46:40 +00:00:   timestamp: '2025-09-27T17:46:40.707Z'
2025-09-27T17:46:40.715874366Z [inf]  2025-09-27 17:46:40 +00:00: }
2025-09-27T17:46:40.830096648Z [inf]  2025-09-27 17:46:40 +00:00: API Usage: {
2025-09-27T17:46:40.830103653Z [inf]  2025-09-27 17:46:40 +00:00:   endpoint: '/profile',
2025-09-27T17:46:40.830111042Z [inf]  2025-09-27 17:46:40 +00:00:   method: 'GET',
2025-09-27T17:46:40.830117312Z [inf]  2025-09-27 17:46:40 +00:00:   timestamp: '2025-09-27T17:46:40.819Z',
2025-09-27T17:46:40.830123622Z [inf]  2025-09-27 17:46:40 +00:00:   userId: 'anonymous',
2025-09-27T17:46:40.830141585Z [inf]  2025-09-27 17:46:40 +00:00:   apiKey: 'none',
2025-09-27T17:46:40.830148508Z [inf]  2025-09-27 17:46:40 +00:00:   ip: '100.64.0.3',
2025-09-27T17:46:40.830154817Z [inf]  2025-09-27 17:46:40 +00:00:   userAgent: 'Mozilla/5.0 (Windows NT 10.0; Win64; x64) AppleWebKit/537.36 (KHTML, like Gecko) Chrome/140.0.0.0 Safari/537.36'
2025-09-27T17:46:40.830161070Z [inf]  2025-09-27 17:46:40 +00:00: }
2025-09-27T17:46:40.834006993Z [inf]  2025-09-27 17:46:40 +00:00: API Usage: {
2025-09-27T17:46:40.834015280Z [inf]  2025-09-27 17:46:40 +00:00:   endpoint: '/api/v1/auth/me',
2025-09-27T17:46:40.834020568Z [inf]  2025-09-27 17:46:40 +00:00:   method: 'GET',
2025-09-27T17:46:40.834025414Z [inf]  2025-09-27 17:46:40 +00:00:   timestamp: '2025-09-27T17:46:40.828Z',
2025-09-27T17:46:40.834030367Z [inf]  2025-09-27 17:46:40 +00:00:   userId: 'anonymous',
2025-09-27T17:46:40.834034745Z [inf]  2025-09-27 17:46:40 +00:00:   apiKey: 'none',
2025-09-27T17:46:40.834039189Z [inf]  2025-09-27 17:46:40 +00:00:   ip: '100.64.0.3',
2025-09-27T17:46:40.834043926Z [inf]  2025-09-27 17:46:40 +00:00:   userAgent: 'Mozilla/5.0 (Windows NT 10.0; Win64; x64) AppleWebKit/537.36 (KHTML, like Gecko) Chrome/140.0.0.0 Safari/537.36'
2025-09-27T17:46:40.834048600Z [inf]  2025-09-27 17:46:40 +00:00: }
2025-09-27T17:46:40.834053033Z [inf]  2025-09-27 17:46:40 +00:00: {
2025-09-27T17:46:40.834057055Z [inf]  2025-09-27 17:46:40 +00:00:   requestId: '3d598d04-ec7d-40c5-9778-850d358788ab',
2025-09-27T17:46:40.834062149Z [inf]  2025-09-27 17:46:40 +00:00:   method: 'GET',
2025-09-27T17:46:40.834066598Z [inf]  2025-09-27 17:46:40 +00:00:   url: '/api/v1/auth/me',
2025-09-27T17:46:40.834071766Z [inf]  2025-09-27 17:46:40 +00:00:   statusCode: 401,
2025-09-27T17:46:40.834075756Z [inf]  2025-09-27 17:46:40 +00:00:   duration: '1ms',
2025-09-27T17:46:40.834080022Z [inf]  2025-09-27 17:46:40 +00:00:   userAgent: 'Mozilla/5.0 (Windows NT 10.0; Win64; x64) AppleWebKit/537.36 (KHTML, like Gecko) Chrome/140.0.0.0 Safari/537.36',
2025-09-27T17:46:40.834083707Z [inf]  2025-09-27 17:46:40 +00:00:   ip: '100.64.0.3',
2025-09-27T17:46:40.834089141Z [inf]  2025-09-27 17:46:40 +00:00:   userId: 'anonymous',
2025-09-27T17:46:40.834094412Z [inf]  2025-09-27 17:46:40 +00:00:   timestamp: '2025-09-27T17:46:40.829Z'
2025-09-27T17:46:40.834099017Z [inf]  2025-09-27 17:46:40 +00:00: }
2025-09-27T17:46:40.834103057Z [err]  2025-09-27 17:46:40 +00:00: Error occurred: {
2025-09-27T17:46:40.834106960Z [err]  2025-09-27 17:46:40 +00:00:   message: 'Not authorized to access this route',
2025-09-27T17:46:40.834110783Z [err]  2025-09-27 17:46:40 +00:00:   stack: 'Error: Not authorized to access this route\n' +
2025-09-27T17:46:40.834115853Z [err]  2025-09-27 17:46:40 +00:00:     '    at protect (/app/server/middleware/auth.js:13:17)\n' +
2025-09-27T17:46:40.834120305Z [err]  2025-09-27 17:46:40 +00:00:     '    at Layer.handle [as handle_request] (/app/node_modules/express/lib/router/layer.js:95:5)\n' +
2025-09-27T17:46:40.834124353Z [err]  2025-09-27 17:46:40 +00:00:     '    at next (/app/node_modules/express/lib/router/route.js:149:13)\n' +
2025-09-27T17:46:40.834128543Z [err]  2025-09-27 17:46:40 +00:00:     '    at Route.dispatch (/app/node_modules/express/lib/router/route.js:119:3)\n' +
2025-09-27T17:46:40.834133194Z [err]  2025-09-27 17:46:40 +00:00:     '    at Layer.handle [as handle_request] (/app/node_modules/express/lib/router/layer.js:95:5)\n' +
2025-09-27T17:46:40.834137868Z [err]  2025-09-27 17:46:40 +00:00:     '    at /app/node_modules/express/lib/router/index.js:284:15\n' +
2025-09-27T17:46:40.834142463Z [err]  2025-09-27 17:46:40 +00:00:     '    at Function.process_params (/app/node_modules/express/lib/router/index.js:346:12)\n' +
2025-09-27T17:46:40.834147087Z [err]  2025-09-27 17:46:40 +00:00:     '    at next (/app/node_modules/express/lib/router/index.js:280:10)\n' +
2025-09-27T17:46:40.834151096Z [err]  2025-09-27 17:46:40 +00:00:     '    at Function.handle (/app/node_modules/express/lib/router/index.js:175:3)\n' +
2025-09-27T17:46:40.834155475Z [err]  2025-09-27 17:46:40 +00:00:     '    at router (/app/node_modules/express/lib/router/index.js:47:12)\n' +
2025-09-27T17:46:40.834161160Z [err]  2025-09-27 17:46:40 +00:00:     '    at Layer.handle [as handle_request] (/app/node_modules/express/lib/router/layer.js:95:5)\n' +
2025-09-27T17:46:40.834165951Z [err]  2025-09-27 17:46:40 +00:00:     '    at trim_prefix (/app/node_modules/express/lib/router/index.js:328:13)\n' +
2025-09-27T17:46:40.834170014Z [err]  2025-09-27 17:46:40 +00:00:     '    at /app/node_modules/express/lib/router/index.js:286:9\n' +
2025-09-27T17:46:40.834174141Z [err]  2025-09-27 17:46:40 +00:00:     '    at Function.process_params (/app/node_modules/express/lib/router/index.js:346:12)\n' +
2025-09-27T17:46:40.834179285Z [err]  2025-09-27 17:46:40 +00:00:     '    at next (/app/node_modules/express/lib/router/index.js:280:10)\n' +
2025-09-27T17:46:40.834183741Z [err]  2025-09-27 17:46:40 +00:00:     '    at trackPerformance (/app/server/src/middleware/analytics.js:250:3)',
2025-09-27T17:46:40.834189875Z [err]  2025-09-27 17:46:40 +00:00:   url: '/api/v1/auth/me',
2025-09-27T17:46:40.834194608Z [err]  2025-09-27 17:46:40 +00:00:   method: 'GET',
2025-09-27T17:46:40.834198592Z [err]  2025-09-27 17:46:40 +00:00:   userId: 'anonymous',
2025-09-27T17:46:40.834202702Z [err]  2025-09-27 17:46:40 +00:00:   ip: '100.64.0.3',
2025-09-27T17:46:40.834206436Z [err]  2025-09-27 17:46:40 +00:00:   userAgent: 'Mozilla/5.0 (Windows NT 10.0; Win64; x64) AppleWebKit/537.36 (KHTML, like Gecko) Chrome/140.0.0.0 Safari/537.36',
2025-09-27T17:46:40.834211218Z [err]  2025-09-27 17:46:40 +00:00:   timestamp: '2025-09-27T17:46:40.829Z',
2025-09-27T17:46:40.834215758Z [err]  2025-09-27 17:46:40 +00:00:   requestId: '3d598d04-ec7d-40c5-9778-850d358788ab'
2025-09-27T17:46:40.834221282Z [err]  2025-09-27 17:46:40 +00:00: }
2025-09-27T17:46:40.834225377Z [err]  2025-09-27 17:46:40 +00:00: Error: Not authorized to access this route
2025-09-27T17:46:40.834229184Z [err]  2025-09-27 17:46:40 +00:00:     at protect (/app/server/middleware/auth.js:13:17)
2025-09-27T17:46:40.834233710Z [err]  2025-09-27 17:46:40 +00:00:     at Layer.handle [as handle_request] (/app/node_modules/express/lib/router/layer.js:95:5)
2025-09-27T17:46:40.834238309Z [err]  2025-09-27 17:46:40 +00:00:     at next (/app/node_modules/express/lib/router/route.js:149:13)
2025-09-27T17:46:40.834242835Z [err]  2025-09-27 17:46:40 +00:00:     at Route.dispatch (/app/node_modules/express/lib/router/route.js:119:3)
2025-09-27T17:46:40.834246691Z [err]  2025-09-27 17:46:40 +00:00:     at Layer.handle [as handle_request] (/app/node_modules/express/lib/router/layer.js:95:5)
2025-09-27T17:46:40.834250698Z [err]  2025-09-27 17:46:40 +00:00:     at /app/node_modules/express/lib/router/index.js:284:15
2025-09-27T17:46:40.834258080Z [err]  2025-09-27 17:46:40 +00:00:     at Function.process_params (/app/node_modules/express/lib/router/index.js:346:12)
2025-09-27T17:46:40.834263087Z [err]  2025-09-27 17:46:40 +00:00:     at next (/app/node_modules/express/lib/router/index.js:280:10)
2025-09-27T17:46:40.834267331Z [err]  2025-09-27 17:46:40 +00:00:     at Function.handle (/app/node_modules/express/lib/router/index.js:175:3)
2025-09-27T17:46:40.834272061Z [err]  2025-09-27 17:46:40 +00:00:     at router (/app/node_modules/express/lib/router/index.js:47:12)
2025-09-27T17:46:40.834276096Z [err]  2025-09-27 17:46:40 +00:00:     at Layer.handle [as handle_request] (/app/node_modules/express/lib/router/layer.js:95:5)
2025-09-27T17:46:40.834280720Z [err]  2025-09-27 17:46:40 +00:00:     at trim_prefix (/app/node_modules/express/lib/router/index.js:328:13)
2025-09-27T17:46:40.834285346Z [err]  2025-09-27 17:46:40 +00:00:     at /app/node_modules/express/lib/router/index.js:286:9
2025-09-27T17:46:40.834291505Z [err]  2025-09-27 17:46:40 +00:00:     at Function.process_params (/app/node_modules/express/lib/router/index.js:346:12)
2025-09-27T17:46:40.834696977Z [err]  2025-09-27 17:46:40 +00:00:     at next (/app/node_modules/express/lib/router/index.js:280:10)
2025-09-27T17:46:40.834702266Z [err]  2025-09-27 17:46:40 +00:00:     at trackPerformance (/app/server/src/middleware/analytics.js:250:3)
2025-09-27T17:46:40.851356247Z [inf]  2025-09-27 17:46:40 +00:00: API Usage: {
2025-09-27T17:46:40.851365358Z [inf]  2025-09-27 17:46:40 +00:00:   endpoint: '/building_5.jpg',
2025-09-27T17:46:40.851371446Z [inf]  2025-09-27 17:46:40 +00:00:   method: 'GET',
2025-09-27T17:46:40.851380474Z [inf]  2025-09-27 17:46:40 +00:00:   timestamp: '2025-09-27T17:46:40.841Z',
2025-09-27T17:46:40.851386524Z [inf]  2025-09-27 17:46:40 +00:00:   userId: 'anonymous',
2025-09-27T17:46:40.851392454Z [inf]  2025-09-27 17:46:40 +00:00:   apiKey: 'none',
2025-09-27T17:46:40.851399031Z [inf]  2025-09-27 17:46:40 +00:00:   ip: '100.64.0.3',
2025-09-27T17:46:40.851405007Z [inf]  2025-09-27 17:46:40 +00:00:   userAgent: 'Mozilla/5.0 (Windows NT 10.0; Win64; x64) AppleWebKit/537.36 (KHTML, like Gecko) Chrome/140.0.0.0 Safari/537.36'
2025-09-27T17:46:40.851412825Z [inf]  2025-09-27 17:46:40 +00:00: }
2025-09-27T17:46:40.854719229Z [inf]  2025-09-27 17:46:40 +00:00: API Usage: {
2025-09-27T17:46:40.854730676Z [inf]  2025-09-27 17:46:40 +00:00:   endpoint: '/building_1.jpg',
2025-09-27T17:46:40.854736894Z [inf]  2025-09-27 17:46:40 +00:00:   method: 'GET',
2025-09-27T17:46:40.854742624Z [inf]  2025-09-27 17:46:40 +00:00:   timestamp: '2025-09-27T17:46:40.852Z',
2025-09-27T17:46:40.854748884Z [inf]  2025-09-27 17:46:40 +00:00:   userId: 'anonymous',
2025-09-27T17:46:40.854754907Z [inf]  2025-09-27 17:46:40 +00:00:   apiKey: 'none',
2025-09-27T17:46:40.854760156Z [inf]  2025-09-27 17:46:40 +00:00:   ip: '100.64.0.3',
2025-09-27T17:46:40.854765764Z [inf]  2025-09-27 17:46:40 +00:00:   userAgent: 'Mozilla/5.0 (Windows NT 10.0; Win64; x64) AppleWebKit/537.36 (KHTML, like Gecko) Chrome/140.0.0.0 Safari/537.36'
2025-09-27T17:46:40.854770795Z [inf]  2025-09-27 17:46:40 +00:00: }
2025-09-27T17:46:40.858049711Z [inf]  2025-09-27 17:46:40 +00:00: API Usage: {
2025-09-27T17:46:40.858061419Z [inf]  2025-09-27 17:46:40 +00:00:   endpoint: '/building_4.jpg',
2025-09-27T17:46:40.858066332Z [inf]  2025-09-27 17:46:40 +00:00:   method: 'GET',
2025-09-27T17:46:40.858070177Z [inf]  2025-09-27 17:46:40 +00:00:   timestamp: '2025-09-27T17:46:40.853Z',
2025-09-27T17:46:40.858074234Z [inf]  2025-09-27 17:46:40 +00:00:   userId: 'anonymous',
2025-09-27T17:46:40.858078718Z [inf]  2025-09-27 17:46:40 +00:00:   apiKey: 'none',
2025-09-27T17:46:40.858085681Z [inf]  2025-09-27 17:46:40 +00:00:   ip: '100.64.0.3',
2025-09-27T17:46:40.858090307Z [inf]  2025-09-27 17:46:40 +00:00:   userAgent: 'Mozilla/5.0 (Windows NT 10.0; Win64; x64) AppleWebKit/537.36 (KHTML, like Gecko) Chrome/140.0.0.0 Safari/537.36'
2025-09-27T17:46:40.858094170Z [inf]  2025-09-27 17:46:40 +00:00: }
2025-09-27T17:46:40.867300319Z [inf]  2025-09-27 17:46:40 +00:00: API Usage: {
2025-09-27T17:46:40.867312085Z [inf]  2025-09-27 17:46:40 +00:00:   endpoint: '/m-01.png',
2025-09-27T17:46:40.867318778Z [inf]  2025-09-27 17:46:40 +00:00:   method: 'GET',
2025-09-27T17:46:40.867325003Z [inf]  2025-09-27 17:46:40 +00:00:   timestamp: '2025-09-27T17:46:40.860Z',
2025-09-27T17:46:40.867340471Z [inf]  2025-09-27 17:46:40 +00:00:   userId: 'anonymous',
2025-09-27T17:46:40.867346542Z [inf]  2025-09-27 17:46:40 +00:00:   apiKey: 'none',
2025-09-27T17:46:40.867352617Z [inf]  2025-09-27 17:46:40 +00:00:   ip: '100.64.0.3',
2025-09-27T17:46:40.867358089Z [inf]  2025-09-27 17:46:40 +00:00:   userAgent: 'Mozilla/5.0 (Windows NT 10.0; Win64; x64) AppleWebKit/537.36 (KHTML, like Gecko) Chrome/140.0.0.0 Safari/537.36'
2025-09-27T17:46:40.867363589Z [inf]  2025-09-27 17:46:40 +00:00: }
2025-09-27T17:46:40.867372160Z [inf]  2025-09-27 17:46:40 +00:00: API Usage: {
2025-09-27T17:46:40.867378083Z [inf]  2025-09-27 17:46:40 +00:00:   endpoint: '/fm-01.png',
2025-09-27T17:46:40.867383648Z [inf]  2025-09-27 17:46:40 +00:00:   method: 'GET',
2025-09-27T17:46:40.867389108Z [inf]  2025-09-27 17:46:40 +00:00:   timestamp: '2025-09-27T17:46:40.861Z',
2025-09-27T17:46:40.867395910Z [inf]  2025-09-27 17:46:40 +00:00:   userId: 'anonymous',
2025-09-27T17:46:40.867403028Z [inf]  2025-09-27 17:46:40 +00:00:   apiKey: 'none',
2025-09-27T17:46:40.867410483Z [inf]  2025-09-27 17:46:40 +00:00:   ip: '100.64.0.3',
2025-09-27T17:46:40.867416588Z [inf]  2025-09-27 17:46:40 +00:00:   userAgent: 'Mozilla/5.0 (Windows NT 10.0; Win64; x64) AppleWebKit/537.36 (KHTML, like Gecko) Chrome/140.0.0.0 Safari/537.36'
2025-09-27T17:46:40.867422530Z [inf]  2025-09-27 17:46:40 +00:00: }
2025-09-27T17:46:40.867428234Z [inf]  2025-09-27 17:46:40 +00:00: API Usage: {
2025-09-27T17:46:40.867433597Z [inf]  2025-09-27 17:46:40 +00:00:   endpoint: '/m-02.png',
2025-09-27T17:46:40.867441781Z [inf]  2025-09-27 17:46:40 +00:00:   method: 'GET',
2025-09-27T17:46:40.867447885Z [inf]  2025-09-27 17:46:40 +00:00:   timestamp: '2025-09-27T17:46:40.863Z',
2025-09-27T17:46:40.867453748Z [inf]  2025-09-27 17:46:40 +00:00:   userId: 'anonymous',
2025-09-27T17:46:40.867462152Z [inf]  2025-09-27 17:46:40 +00:00:   apiKey: 'none',
2025-09-27T17:46:40.867467537Z [inf]  2025-09-27 17:46:40 +00:00:   ip: '100.64.0.3',
2025-09-27T17:46:40.867486927Z [inf]  2025-09-27 17:46:40 +00:00:   userAgent: 'Mozilla/5.0 (Windows NT 10.0; Win64; x64) AppleWebKit/537.36 (KHTML, like Gecko) Chrome/140.0.0.0 Safari/537.36'
2025-09-27T17:46:40.867492515Z [inf]  2025-09-27 17:46:40 +00:00: }
2025-09-27T17:46:40.867497714Z [inf]  2025-09-27 17:46:40 +00:00: API Usage: {
2025-09-27T17:46:40.867502885Z [inf]  2025-09-27 17:46:40 +00:00:   endpoint: '/fm-02.png',
2025-09-27T17:46:40.867508983Z [inf]  2025-09-27 17:46:40 +00:00:   method: 'GET',
2025-09-27T17:46:40.867514569Z [inf]  2025-09-27 17:46:40 +00:00:   timestamp: '2025-09-27T17:46:40.864Z',
2025-09-27T17:46:40.867522309Z [inf]  2025-09-27 17:46:40 +00:00:   userId: 'anonymous',
2025-09-27T17:46:40.867527681Z [inf]  2025-09-27 17:46:40 +00:00:   apiKey: 'none',
2025-09-27T17:46:40.867533070Z [inf]  2025-09-27 17:46:40 +00:00:   ip: '100.64.0.3',
2025-09-27T17:46:40.867539428Z [inf]  2025-09-27 17:46:40 +00:00:   userAgent: 'Mozilla/5.0 (Windows NT 10.0; Win64; x64) AppleWebKit/537.36 (KHTML, like Gecko) Chrome/140.0.0.0 Safari/537.36'
2025-09-27T17:46:40.867544776Z [inf]  2025-09-27 17:46:40 +00:00: }
2025-09-27T17:46:40.870865516Z [inf]  2025-09-27 17:46:40 +00:00: API Usage: {
2025-09-27T17:46:40.870872571Z [inf]  2025-09-27 17:46:40 +00:00:   endpoint: '/m-03.png',
2025-09-27T17:46:40.870877429Z [inf]  2025-09-27 17:46:40 +00:00:   method: 'GET',
2025-09-27T17:46:40.870882251Z [inf]  2025-09-27 17:46:40 +00:00:   timestamp: '2025-09-27T17:46:40.865Z',
2025-09-27T17:46:40.870888616Z [inf]  2025-09-27 17:46:40 +00:00:   userId: 'anonymous',
2025-09-27T17:46:40.870893033Z [inf]  2025-09-27 17:46:40 +00:00:   apiKey: 'none',
2025-09-27T17:46:40.870897280Z [inf]  2025-09-27 17:46:40 +00:00:   ip: '100.64.0.3',
2025-09-27T17:46:40.870901577Z [inf]  2025-09-27 17:46:40 +00:00:   userAgent: 'Mozilla/5.0 (Windows NT 10.0; Win64; x64) AppleWebKit/537.36 (KHTML, like Gecko) Chrome/140.0.0.0 Safari/537.36'
2025-09-27T17:46:40.870906244Z [inf]  2025-09-27 17:46:40 +00:00: }
2025-09-27T17:46:40.992857780Z [inf]  2025-09-27 17:46:40 +00:00: API Usage: {
2025-09-27T17:46:40.992863896Z [inf]  2025-09-27 17:46:40 +00:00:   endpoint: '/api/v1/properties',
2025-09-27T17:46:40.992870310Z [inf]  2025-09-27 17:46:40 +00:00:   method: 'GET',
2025-09-27T17:46:40.992876475Z [inf]  2025-09-27 17:46:40 +00:00:   timestamp: '2025-09-27T17:46:40.962Z',
2025-09-27T17:46:40.992882967Z [inf]  2025-09-27 17:46:40 +00:00:   userId: 'anonymous',
2025-09-27T17:46:40.992890126Z [inf]  2025-09-27 17:46:40 +00:00:   apiKey: 'none',
2025-09-27T17:46:40.992896177Z [inf]  2025-09-27 17:46:40 +00:00:   ip: '100.64.0.3',
2025-09-27T17:46:40.992901990Z [inf]  2025-09-27 17:46:40 +00:00:   userAgent: 'Mozilla/5.0 (Windows NT 10.0; Win64; x64) AppleWebKit/537.36 (KHTML, like Gecko) Chrome/140.0.0.0 Safari/537.36'
2025-09-27T17:46:40.998213939Z [inf]  2025-09-27 17:46:40 +00:00: }
2025-09-27T17:46:40.998227399Z [inf]  2025-09-27 17:46:40 +00:00: API Usage: {
2025-09-27T17:46:40.998235883Z [inf]  2025-09-27 17:46:40 +00:00:   endpoint: '/api/v1/properties/featured',
2025-09-27T17:46:40.998244170Z [inf]  2025-09-27 17:46:40 +00:00:   method: 'GET',
2025-09-27T17:46:40.998251498Z [inf]  2025-09-27 17:46:40 +00:00:   timestamp: '2025-09-27T17:46:40.965Z',
2025-09-27T17:46:40.998260593Z [inf]  2025-09-27 17:46:40 +00:00:   userId: 'anonymous',
2025-09-27T17:46:40.998267986Z [inf]  2025-09-27 17:46:40 +00:00:   apiKey: 'none',
2025-09-27T17:46:40.998275466Z [inf]  2025-09-27 17:46:40 +00:00:   ip: '100.64.0.3',
2025-09-27T17:46:40.998283108Z [inf]  2025-09-27 17:46:40 +00:00:   userAgent: 'Mozilla/5.0 (Windows NT 10.0; Win64; x64) AppleWebKit/537.36 (KHTML, like Gecko) Chrome/140.0.0.0 Safari/537.36'
2025-09-27T17:46:40.998291541Z [inf]  2025-09-27 17:46:40 +00:00: }
2025-09-27T17:46:40.998298997Z [inf]  2025-09-27 17:46:40 +00:00: Property View: {
2025-09-27T17:46:40.998307953Z [inf]  2025-09-27 17:46:40 +00:00:   propertyId: undefined,
2025-09-27T17:46:40.998388651Z [inf]  2025-09-27 17:46:40 +00:00:   userId: 'anonymous',
2025-09-27T17:46:40.998395641Z [inf]  2025-09-27 17:46:40 +00:00:   timestamp: '2025-09-27T17:46:40.966Z',
2025-09-27T17:46:40.998402363Z [inf]  2025-09-27 17:46:40 +00:00:   ip: '100.64.0.3',
2025-09-27T17:46:40.998411213Z [inf]  2025-09-27 17:46:40 +00:00:   userAgent: 'Mozilla/5.0 (Windows NT 10.0; Win64; x64) AppleWebKit/537.36 (KHTML, like Gecko) Chrome/140.0.0.0 Safari/537.36',
2025-09-27T17:46:40.998418976Z [inf]  2025-09-27 17:46:40 +00:00:   referrer: 'https://www.squarefooot.com/'
2025-09-27T17:46:40.998426858Z [inf]  2025-09-27 17:46:40 +00:00: }
2025-09-27T17:46:40.998434228Z [inf]  2025-09-27 17:46:40 +00:00: API Usage: {
2025-09-27T17:46:40.998441339Z [inf]  2025-09-27 17:46:40 +00:00:   endpoint: '/login',
2025-09-27T17:46:40.998448512Z [inf]  2025-09-27 17:46:40 +00:00:   method: 'GET',
2025-09-27T17:46:40.998455792Z [inf]  2025-09-27 17:46:40 +00:00:   timestamp: '2025-09-27T17:46:40.972Z',
2025-09-27T17:46:40.998463308Z [inf]  2025-09-27 17:46:40 +00:00:   userId: 'anonymous',
2025-09-27T17:46:40.998474473Z [inf]  2025-09-27 17:46:40 +00:00:   apiKey: 'none',
2025-09-27T17:46:40.998480511Z [inf]  2025-09-27 17:46:40 +00:00:   ip: '100.64.0.3',
2025-09-27T17:46:40.998486604Z [inf]  2025-09-27 17:46:40 +00:00:   userAgent: 'Mozilla/5.0 (Windows NT 10.0; Win64; x64) AppleWebKit/537.36 (KHTML, like Gecko) Chrome/140.0.0.0 Safari/537.36'
2025-09-27T17:46:40.998493968Z [inf]  2025-09-27 17:46:40 +00:00: }
2025-09-27T17:46:40.998500393Z [inf]  2025-09-27 17:46:40 +00:00: Auth Event: {
2025-09-27T17:46:40.998508624Z [inf]  2025-09-27 17:46:40 +00:00:   eventType: 'login',
2025-09-27T17:46:40.998517200Z [inf]  2025-09-27 17:46:40 +00:00:   timestamp: '2025-09-27T17:46:40.973Z',
2025-09-27T17:46:40.998523714Z [inf]  2025-09-27 17:46:40 +00:00:   ip: '100.64.0.3',
2025-09-27T17:46:40.998529821Z [inf]  2025-09-27 17:46:40 +00:00:   userAgent: 'Mozilla/5.0 (Windows NT 10.0; Win64; x64) AppleWebKit/537.36 (KHTML, like Gecko) Chrome/140.0.0.0 Safari/537.36',
2025-09-27T17:46:40.998593630Z [inf]  2025-09-27 17:46:40 +00:00:   success: true
2025-09-27T17:46:40.998599503Z [inf]  2025-09-27 17:46:40 +00:00: }
2025-09-27T17:46:41.259421724Z [inf]  2025-09-27 17:46:41 +00:00: {
2025-09-27T17:46:41.259429186Z [inf]  2025-09-27 17:46:41 +00:00:   requestId: 'c9d1d09e-83fc-4ef1-b8ea-ce1082cab7d4',
2025-09-27T17:46:41.259436219Z [inf]  2025-09-27 17:46:41 +00:00:   method: 'GET',
2025-09-27T17:46:41.259441604Z [inf]  2025-09-27 17:46:41 +00:00:   url: '/featured',
2025-09-27T17:46:41.259446514Z [inf]  2025-09-27 17:46:41 +00:00:   statusCode: 200,
2025-09-27T17:46:41.259450819Z [inf]  2025-09-27 17:46:41 +00:00:   duration: '289ms',
2025-09-27T17:46:41.259454871Z [inf]  2025-09-27 17:46:41 +00:00:   userAgent: 'Mozilla/5.0 (Windows NT 10.0; Win64; x64) AppleWebKit/537.36 (KHTML, like Gecko) Chrome/140.0.0.0 Safari/537.36',
2025-09-27T17:46:41.259459164Z [inf]  2025-09-27 17:46:41 +00:00:   ip: '100.64.0.3',
2025-09-27T17:46:41.259465053Z [inf]  2025-09-27 17:46:41 +00:00:   userId: 'anonymous',
2025-09-27T17:46:41.259470485Z [inf]  2025-09-27 17:46:41 +00:00:   timestamp: '2025-09-27T17:46:41.254Z'
2025-09-27T17:46:41.259474774Z [inf]  2025-09-27 17:46:41 +00:00: }
2025-09-27T17:46:41.392891221Z [inf]  2025-09-27 17:46:41 +00:00: {
2025-09-27T17:46:41.392902081Z [inf]  2025-09-27 17:46:41 +00:00:   requestId: '3a088ad9-c6f7-4063-a3e5-66d9bade594a',
2025-09-27T17:46:41.392908845Z [inf]  2025-09-27 17:46:41 +00:00:   method: 'GET',
2025-09-27T17:46:41.392916252Z [inf]  2025-09-27 17:46:41 +00:00:   url: '/?page=1&limit=12',
2025-09-27T17:46:41.392923783Z [inf]  2025-09-27 17:46:41 +00:00:   statusCode: 200,
2025-09-27T17:46:41.392930538Z [inf]  2025-09-27 17:46:41 +00:00:   duration: '427ms',
2025-09-27T17:46:41.392936617Z [inf]  2025-09-27 17:46:41 +00:00:   userAgent: 'Mozilla/5.0 (Windows NT 10.0; Win64; x64) AppleWebKit/537.36 (KHTML, like Gecko) Chrome/140.0.0.0 Safari/537.36',
2025-09-27T17:46:41.392942978Z [inf]  2025-09-27 17:46:41 +00:00:   ip: '100.64.0.3',
2025-09-27T17:46:41.393037920Z [inf]  2025-09-27 17:46:41 +00:00:   userId: 'anonymous',
2025-09-27T17:46:41.393043898Z [inf]  2025-09-27 17:46:41 +00:00:   timestamp: '2025-09-27T17:46:41.389Z'
2025-09-27T17:46:41.393048197Z [inf]  2025-09-27 17:46:41 +00:00: }
2025-09-27T17:46:41.559968886Z [inf]  2025-09-27 17:46:41 +00:00: API Usage: {
2025-09-27T17:46:41.559979035Z [inf]  2025-09-27 17:46:41 +00:00:   endpoint: '/vite.png',
2025-09-27T17:46:41.559987625Z [inf]  2025-09-27 17:46:41 +00:00:   method: 'GET',
2025-09-27T17:46:41.559993984Z [inf]  2025-09-27 17:46:41 +00:00:   timestamp: '2025-09-27T17:46:41.553Z',
2025-09-27T17:46:41.560001227Z [inf]  2025-09-27 17:46:41 +00:00:   userId: 'anonymous',
2025-09-27T17:46:41.560008949Z [inf]  2025-09-27 17:46:41 +00:00:   apiKey: 'none',
2025-09-27T17:46:41.560015158Z [inf]  2025-09-27 17:46:41 +00:00:   ip: '100.64.0.3',
2025-09-27T17:46:41.560023317Z [inf]  2025-09-27 17:46:41 +00:00:   userAgent: 'Mozilla/5.0 (Windows NT 10.0; Win64; x64) AppleWebKit/537.36 (KHTML, like Gecko) Chrome/140.0.0.0 Safari/537.36'
2025-09-27T17:46:41.560029393Z [inf]  2025-09-27 17:46:41 +00:00: }
2025-09-27T17:46:41.888690694Z [inf]  2025-09-27 17:46:41 +00:00: API Usage: {
2025-09-27T17:46:41.888696736Z [inf]  2025-09-27 17:46:41 +00:00:   endpoint: '/',
2025-09-27T17:46:41.888703845Z [inf]  2025-09-27 17:46:41 +00:00:   method: 'GET',
2025-09-27T17:46:41.888709746Z [inf]  2025-09-27 17:46:41 +00:00:   timestamp: '2025-09-27T17:46:41.881Z',
2025-09-27T17:46:41.888715920Z [inf]  2025-09-27 17:46:41 +00:00:   userId: 'anonymous',
2025-09-27T17:46:41.888721905Z [inf]  2025-09-27 17:46:41 +00:00:   apiKey: 'none',
2025-09-27T17:46:41.888728194Z [inf]  2025-09-27 17:46:41 +00:00:   ip: '100.64.0.3',
2025-09-27T17:46:41.888742345Z [inf]  2025-09-27 17:46:41 +00:00:   userAgent: 'Mozilla/5.0 (Windows NT 10.0; Win64; x64) AppleWebKit/537.36 (KHTML, like Gecko) Chrome/140.0.0.0 Safari/537.36'
2025-09-27T17:46:41.888748064Z [inf]  2025-09-27 17:46:41 +00:00: }
2025-09-27T17:46:41.899447809Z [inf]  2025-09-27 17:46:41 +00:00: API Usage: {
2025-09-27T17:46:41.899459331Z [inf]  2025-09-27 17:46:41 +00:00:   endpoint: '/properties',
2025-09-27T17:46:41.899467234Z [inf]  2025-09-27 17:46:41 +00:00:   method: 'GET',
2025-09-27T17:46:41.899475103Z [inf]  2025-09-27 17:46:41 +00:00:   timestamp: '2025-09-27T17:46:41.887Z',
2025-09-27T17:46:41.899483124Z [inf]  2025-09-27 17:46:41 +00:00:   userId: 'anonymous',
2025-09-27T17:46:41.899491428Z [inf]  2025-09-27 17:46:41 +00:00:   apiKey: 'none',
2025-09-27T17:46:41.899500457Z [inf]  2025-09-27 17:46:41 +00:00:   ip: '100.64.0.3',
2025-09-27T17:46:41.899508836Z [inf]  2025-09-27 17:46:41 +00:00:   userAgent: 'Mozilla/5.0 (Windows NT 10.0; Win64; x64) AppleWebKit/537.36 (KHTML, like Gecko) Chrome/140.0.0.0 Safari/537.36'
2025-09-27T17:46:41.899516015Z [inf]  2025-09-27 17:46:41 +00:00: }
2025-09-27T17:46:41.904822665Z [inf]  2025-09-27 17:46:41 +00:00: API Usage: {
2025-09-27T17:46:41.904829947Z [inf]  2025-09-27 17:46:41 +00:00:   endpoint: '/register',
2025-09-27T17:46:41.904835365Z [inf]  2025-09-27 17:46:41 +00:00:   method: 'GET',
2025-09-27T17:46:41.904841453Z [inf]  2025-09-27 17:46:41 +00:00:   timestamp: '2025-09-27T17:46:41.897Z',
2025-09-27T17:46:41.904848789Z [inf]  2025-09-27 17:46:41 +00:00:   userId: 'anonymous',
2025-09-27T17:46:41.904854800Z [inf]  2025-09-27 17:46:41 +00:00:   apiKey: 'none',
2025-09-27T17:46:41.904861010Z [inf]  2025-09-27 17:46:41 +00:00:   ip: '100.64.0.3',
2025-09-27T17:46:41.904866404Z [inf]  2025-09-27 17:46:41 +00:00:   userAgent: 'Mozilla/5.0 (Windows NT 10.0; Win64; x64) AppleWebKit/537.36 (KHTML, like Gecko) Chrome/140.0.0.0 Safari/537.36'
2025-09-27T17:46:41.904872556Z [inf]  2025-09-27 17:46:41 +00:00: }
2025-09-27T17:46:41.904879268Z [inf]  2025-09-27 17:46:41 +00:00: Auth Event: {
2025-09-27T17:46:41.904884597Z [inf]  2025-09-27 17:46:41 +00:00:   eventType: 'registration',
2025-09-27T17:46:41.904890796Z [inf]  2025-09-27 17:46:41 +00:00:   timestamp: '2025-09-27T17:46:41.898Z',
2025-09-27T17:46:41.904896308Z [inf]  2025-09-27 17:46:41 +00:00:   ip: '100.64.0.3',
2025-09-27T17:46:41.904902075Z [inf]  2025-09-27 17:46:41 +00:00:   userAgent: 'Mozilla/5.0 (Windows NT 10.0; Win64; x64) AppleWebKit/537.36 (KHTML, like Gecko) Chrome/140.0.0.0 Safari/537.36',
2025-09-27T17:46:41.904907342Z [inf]  2025-09-27 17:46:41 +00:00:   success: true
2025-09-27T17:46:41.904913787Z [inf]  2025-09-27 17:46:41 +00:00: }
2025-09-27T17:46:41.915489537Z [inf]  2025-09-27 17:46:41 +00:00: API Usage: {
2025-09-27T17:46:41.915497374Z [inf]  2025-09-27 17:46:41 +00:00:   endpoint: '/subscriptions',
2025-09-27T17:46:41.915502915Z [inf]  2025-09-27 17:46:41 +00:00:   method: 'GET',
2025-09-27T17:46:41.915507420Z [inf]  2025-09-27 17:46:41 +00:00:   timestamp: '2025-09-27T17:46:41.904Z',
2025-09-27T17:46:41.915513148Z [inf]  2025-09-27 17:46:41 +00:00:   userId: 'anonymous',
2025-09-27T17:46:41.915523457Z [inf]  2025-09-27 17:46:41 +00:00:   apiKey: 'none',
2025-09-27T17:46:41.915531974Z [inf]  2025-09-27 17:46:41 +00:00:   ip: '100.64.0.3',
2025-09-27T17:46:41.915537202Z [inf]  2025-09-27 17:46:41 +00:00:   userAgent: 'Mozilla/5.0 (Windows NT 10.0; Win64; x64) AppleWebKit/537.36 (KHTML, like Gecko) Chrome/140.0.0.0 Safari/537.36'
2025-09-27T17:46:41.915544686Z [inf]  2025-09-27 17:46:41 +00:00: }
2025-09-27T17:46:41.915579732Z [inf]  2025-09-27 17:46:41 +00:00: API Usage: {
2025-09-27T17:46:41.915584527Z [inf]  2025-09-27 17:46:41 +00:00:   endpoint: '/manifest.json',
2025-09-27T17:46:41.915589078Z [inf]  2025-09-27 17:46:41 +00:00:   method: 'GET',
2025-09-27T17:46:41.915597006Z [inf]  2025-09-27 17:46:41 +00:00:   timestamp: '2025-09-27T17:46:41.913Z',
2025-09-27T17:46:41.915603808Z [inf]  2025-09-27 17:46:41 +00:00:   userId: 'anonymous',
2025-09-27T17:46:41.915611714Z [inf]  2025-09-27 17:46:41 +00:00:   apiKey: 'none',
2025-09-27T17:46:41.915615670Z [inf]  2025-09-27 17:46:41 +00:00:   ip: '100.64.0.4',
2025-09-27T17:46:41.915619622Z [inf]  2025-09-27 17:46:41 +00:00:   userAgent: 'Mozilla/5.0 (Windows NT 10.0; Win64; x64) AppleWebKit/537.36 (KHTML, like Gecko) Chrome/140.0.0.0 Safari/537.36'
2025-09-27T17:46:41.915624887Z [inf]  2025-09-27 17:46:41 +00:00: }
2025-09-27T17:46:41.927291904Z [inf]  2025-09-27 17:46:41 +00:00: API Usage: {
2025-09-27T17:46:41.927303827Z [inf]  2025-09-27 17:46:41 +00:00:   endpoint: '/help',
2025-09-27T17:46:41.927312189Z [inf]  2025-09-27 17:46:41 +00:00:   method: 'GET',
2025-09-27T17:46:41.927319632Z [inf]  2025-09-27 17:46:41 +00:00:   timestamp: '2025-09-27T17:46:41.917Z',
2025-09-27T17:46:41.927328651Z [inf]  2025-09-27 17:46:41 +00:00:   userId: 'anonymous',
2025-09-27T17:46:41.927336203Z [inf]  2025-09-27 17:46:41 +00:00:   apiKey: 'none',
2025-09-27T17:46:41.927343921Z [inf]  2025-09-27 17:46:41 +00:00:   ip: '100.64.0.3',
2025-09-27T17:46:41.927366366Z [inf]  2025-09-27 17:46:41 +00:00:   userAgent: 'Mozilla/5.0 (Windows NT 10.0; Win64; x64) AppleWebKit/537.36 (KHTML, like Gecko) Chrome/140.0.0.0 Safari/537.36'
2025-09-27T17:46:41.927374397Z [inf]  2025-09-27 17:46:41 +00:00: }
2025-09-27T17:46:41.976622506Z [inf]  2025-09-27 17:46:41 +00:00: API Usage: {
2025-09-27T17:46:41.976629900Z [inf]  2025-09-27 17:46:41 +00:00:   endpoint: '/privacy-policy',
2025-09-27T17:46:41.976635144Z [inf]  2025-09-27 17:46:41 +00:00:   method: 'GET',
2025-09-27T17:46:41.976641704Z [inf]  2025-09-27 17:46:41 +00:00:   timestamp: '2025-09-27T17:46:41.970Z',
2025-09-27T17:46:41.976648448Z [inf]  2025-09-27 17:46:41 +00:00:   userId: 'anonymous',
2025-09-27T17:46:41.976655539Z [inf]  2025-09-27 17:46:41 +00:00:   apiKey: 'none',
2025-09-27T17:46:41.976662335Z [inf]  2025-09-27 17:46:41 +00:00:   ip: '100.64.0.3',
2025-09-27T17:46:41.976671127Z [inf]  2025-09-27 17:46:41 +00:00:   userAgent: 'Mozilla/5.0 (Windows NT 10.0; Win64; x64) AppleWebKit/537.36 (KHTML, like Gecko) Chrome/140.0.0.0 Safari/537.36'
2025-09-27T17:46:41.976679105Z [inf]  2025-09-27 17:46:41 +00:00: }
2025-09-27T17:46:42.022393135Z [inf]  2025-09-27 17:46:42 +00:00: API Usage: {
2025-09-27T17:46:42.022399441Z [inf]  2025-09-27 17:46:42 +00:00:   endpoint: '/terms',
2025-09-27T17:46:42.022406155Z [inf]  2025-09-27 17:46:42 +00:00:   method: 'GET',
2025-09-27T17:46:42.022413066Z [inf]  2025-09-27 17:46:42 +00:00:   timestamp: '2025-09-27T17:46:42.003Z',
2025-09-27T17:46:42.022422260Z [inf]  2025-09-27 17:46:42 +00:00:   userId: 'anonymous',
2025-09-27T17:46:42.022429385Z [inf]  2025-09-27 17:46:42 +00:00:   apiKey: 'none',
2025-09-27T17:46:42.022435680Z [inf]  2025-09-27 17:46:42 +00:00:   ip: '100.64.0.3',
2025-09-27T17:46:42.022441385Z [inf]  2025-09-27 17:46:42 +00:00:   userAgent: 'Mozilla/5.0 (Windows NT 10.0; Win64; x64) AppleWebKit/537.36 (KHTML, like Gecko) Chrome/140.0.0.0 Safari/537.36'
2025-09-27T17:46:42.022448264Z [inf]  2025-09-27 17:46:42 +00:00: }
2025-09-27T17:46:42.022454685Z [inf]  2025-09-27 17:46:42 +00:00: API Usage: {
2025-09-27T17:46:42.022464166Z [inf]  2025-09-27 17:46:42 +00:00:   endpoint: '/developers',
2025-09-27T17:46:42.022470478Z [inf]  2025-09-27 17:46:42 +00:00:   method: 'GET',
2025-09-27T17:46:42.022476980Z [inf]  2025-09-27 17:46:42 +00:00:   timestamp: '2025-09-27T17:46:42.008Z',
2025-09-27T17:46:42.022483609Z [inf]  2025-09-27 17:46:42 +00:00:   userId: 'anonymous',
2025-09-27T17:46:42.022489576Z [inf]  2025-09-27 17:46:42 +00:00:   apiKey: 'none',
2025-09-27T17:46:42.022496485Z [inf]  2025-09-27 17:46:42 +00:00:   ip: '100.64.0.3',
2025-09-27T17:46:42.022503548Z [inf]  2025-09-27 17:46:42 +00:00:   userAgent: 'Mozilla/5.0 (Windows NT 10.0; Win64; x64) AppleWebKit/537.36 (KHTML, like Gecko) Chrome/140.0.0.0 Safari/537.36'
2025-09-27T17:46:42.022512413Z [inf]  2025-09-27 17:46:42 +00:00: }
2025-09-27T17:46:42.022522093Z [inf]  2025-09-27 17:46:42 +00:00: API Usage: {
2025-09-27T17:46:42.022529861Z [inf]  2025-09-27 17:46:42 +00:00:   endpoint: '/about',
2025-09-27T17:46:42.022536169Z [inf]  2025-09-27 17:46:42 +00:00:   method: 'GET',
2025-09-27T17:46:42.022542225Z [inf]  2025-09-27 17:46:42 +00:00:   timestamp: '2025-09-27T17:46:42.016Z',
2025-09-27T17:46:42.022548458Z [inf]  2025-09-27 17:46:42 +00:00:   userId: 'anonymous',
2025-09-27T17:46:42.022556387Z [inf]  2025-09-27 17:46:42 +00:00:   apiKey: 'none',
2025-09-27T17:46:42.022563377Z [inf]  2025-09-27 17:46:42 +00:00:   ip: '100.64.0.3',
2025-09-27T17:46:42.022568109Z [inf]  2025-09-27 17:46:42 +00:00:   userAgent: 'Mozilla/5.0 (Windows NT 10.0; Win64; x64) AppleWebKit/537.36 (KHTML, like Gecko) Chrome/140.0.0.0 Safari/537.36'
2025-09-27T17:46:42.022573325Z [inf]  2025-09-27 17:46:42 +00:00: }
2025-09-27T17:46:42.026287984Z [inf]  2025-09-27 17:46:42 +00:00: API Usage: {
2025-09-27T17:46:42.026294647Z [inf]  2025-09-27 17:46:42 +00:00:   endpoint: '/career',
2025-09-27T17:46:42.026300991Z [inf]  2025-09-27 17:46:42 +00:00:   method: 'GET',
2025-09-27T17:46:42.026307110Z [inf]  2025-09-27 17:46:42 +00:00:   timestamp: '2025-09-27T17:46:42.020Z',
2025-09-27T17:46:42.026313729Z [inf]  2025-09-27 17:46:42 +00:00:   userId: 'anonymous',
2025-09-27T17:46:42.026321140Z [inf]  2025-09-27 17:46:42 +00:00:   apiKey: 'none',
2025-09-27T17:46:42.026328859Z [inf]  2025-09-27 17:46:42 +00:00:   ip: '100.64.0.3',
2025-09-27T17:46:42.026337240Z [inf]  2025-09-27 17:46:42 +00:00:   userAgent: 'Mozilla/5.0 (Windows NT 10.0; Win64; x64) AppleWebKit/537.36 (KHTML, like Gecko) Chrome/140.0.0.0 Safari/537.36'
2025-09-27T17:46:42.026345007Z [inf]  2025-09-27 17:46:42 +00:00: }
2025-09-27T17:46:42.030251205Z [inf]  2025-09-27 17:46:42 +00:00: API Usage: {
2025-09-27T17:46:42.030265304Z [inf]  2025-09-27 17:46:42 +00:00:   endpoint: '/icons/icon-144x144.png',
2025-09-27T17:46:42.030273626Z [inf]  2025-09-27 17:46:42 +00:00:   method: 'GET',
2025-09-27T17:46:42.030281498Z [inf]  2025-09-27 17:46:42 +00:00:   timestamp: '2025-09-27T17:46:42.024Z',
2025-09-27T17:46:42.030289270Z [inf]  2025-09-27 17:46:42 +00:00:   userId: 'anonymous',
2025-09-27T17:46:42.030297545Z [inf]  2025-09-27 17:46:42 +00:00:   apiKey: 'none',
2025-09-27T17:46:42.030305931Z [inf]  2025-09-27 17:46:42 +00:00:   ip: '100.64.0.3',
2025-09-27T17:46:42.030317584Z [inf]  2025-09-27 17:46:42 +00:00:   userAgent: 'Mozilla/5.0 (Windows NT 10.0; Win64; x64) AppleWebKit/537.36 (KHTML, like Gecko) Chrome/140.0.0.0 Safari/537.36'
2025-09-27T17:46:42.030324006Z [inf]  2025-09-27 17:46:42 +00:00: }
2025-09-27T17:46:42.060627097Z [inf]  2025-09-27 17:46:42 +00:00: API Usage: {
2025-09-27T17:46:42.060640305Z [inf]  2025-09-27 17:46:42 +00:00:   endpoint: '/contact',
2025-09-27T17:46:42.060664517Z [inf]  2025-09-27 17:46:42 +00:00:   method: 'GET',
2025-09-27T17:46:42.060675498Z [inf]  2025-09-27 17:46:42 +00:00:   timestamp: '2025-09-27T17:46:42.057Z',
2025-09-27T17:46:42.060685422Z [inf]  2025-09-27 17:46:42 +00:00:   userId: 'anonymous',
2025-09-27T17:46:42.060693493Z [inf]  2025-09-27 17:46:42 +00:00:   apiKey: 'none',
2025-09-27T17:46:42.060702813Z [inf]  2025-09-27 17:46:42 +00:00:   ip: '100.64.0.3',
2025-09-27T17:46:42.060711392Z [inf]  2025-09-27 17:46:42 +00:00:   userAgent: 'Mozilla/5.0 (Windows NT 10.0; Win64; x64) AppleWebKit/537.36 (KHTML, like Gecko) Chrome/140.0.0.0 Safari/537.36'
2025-09-27T17:46:42.060720335Z [inf]  2025-09-27 17:46:42 +00:00: }
2025-09-27T17:46:42.096178038Z [inf]  2025-09-27 17:46:42 +00:00: API Usage: {
2025-09-27T17:46:42.096184542Z [inf]  2025-09-27 17:46:42 +00:00:   endpoint: '/trust',
2025-09-27T17:46:42.096191447Z [inf]  2025-09-27 17:46:42 +00:00:   method: 'GET',
2025-09-27T17:46:42.096199994Z [inf]  2025-09-27 17:46:42 +00:00:   timestamp: '2025-09-27T17:46:42.085Z',
2025-09-27T17:46:42.096206813Z [inf]  2025-09-27 17:46:42 +00:00:   userId: 'anonymous',
2025-09-27T17:46:42.096212909Z [inf]  2025-09-27 17:46:42 +00:00:   apiKey: 'none',
2025-09-27T17:46:42.096218549Z [inf]  2025-09-27 17:46:42 +00:00:   ip: '100.64.0.3',
2025-09-27T17:46:42.096224603Z [inf]  2025-09-27 17:46:42 +00:00:   userAgent: 'Mozilla/5.0 (Windows NT 10.0; Win64; x64) AppleWebKit/537.36 (KHTML, like Gecko) Chrome/140.0.0.0 Safari/537.36'
2025-09-27T17:46:42.096230916Z [inf]  2025-09-27 17:46:42 +00:00: }
2025-09-27T17:46:42.117373739Z [inf]  2025-09-27 17:46:42 +00:00: API Usage: {
2025-09-27T17:46:42.117382338Z [inf]  2025-09-27 17:46:42 +00:00:   endpoint: '/how-we-work',
2025-09-27T17:46:42.117388475Z [inf]  2025-09-27 17:46:42 +00:00:   method: 'GET',
2025-09-27T17:46:42.117396754Z [inf]  2025-09-27 17:46:42 +00:00:   timestamp: '2025-09-27T17:46:42.103Z',
2025-09-27T17:46:42.117402706Z [inf]  2025-09-27 17:46:42 +00:00:   userId: 'anonymous',
2025-09-27T17:46:42.117408821Z [inf]  2025-09-27 17:46:42 +00:00:   apiKey: 'none',
2025-09-27T17:46:42.117414340Z [inf]  2025-09-27 17:46:42 +00:00:   ip: '100.64.0.3',
2025-09-27T17:46:42.117420212Z [inf]  2025-09-27 17:46:42 +00:00:   userAgent: 'Mozilla/5.0 (Windows NT 10.0; Win64; x64) AppleWebKit/537.36 (KHTML, like Gecko) Chrome/140.0.0.0 Safari/537.36'
2025-09-27T17:46:42.117426053Z [inf]  2025-09-27 17:46:42 +00:00: }
2025-09-27T17:46:42.118436016Z [inf]  2025-09-27 17:46:42 +00:00: API Usage: {
2025-09-27T17:46:42.118449560Z [inf]  2025-09-27 17:46:42 +00:00:   endpoint: '/emi-calculator',
2025-09-27T17:46:42.118457288Z [inf]  2025-09-27 17:46:42 +00:00:   method: 'GET',
2025-09-27T17:46:42.118466579Z [inf]  2025-09-27 17:46:42 +00:00:   timestamp: '2025-09-27T17:46:42.115Z',
2025-09-27T17:46:42.118475467Z [inf]  2025-09-27 17:46:42 +00:00:   userId: 'anonymous',
2025-09-27T17:46:42.118483060Z [inf]  2025-09-27 17:46:42 +00:00:   apiKey: 'none',
2025-09-27T17:46:42.118491000Z [inf]  2025-09-27 17:46:42 +00:00:   ip: '100.64.0.3',
2025-09-27T17:46:42.118498259Z [inf]  2025-09-27 17:46:42 +00:00:   userAgent: 'Mozilla/5.0 (Windows NT 10.0; Win64; x64) AppleWebKit/537.36 (KHTML, like Gecko) Chrome/140.0.0.0 Safari/537.36'
2025-09-27T17:46:42.118505222Z [inf]  2025-09-27 17:46:42 +00:00: }
2025-09-27T17:46:42.129989558Z [inf]  2025-09-27 17:46:42 +00:00: API Usage: {
2025-09-27T17:46:42.130000207Z [inf]  2025-09-27 17:46:42 +00:00:   endpoint: '/interior-design',
2025-09-27T17:46:42.130007870Z [inf]  2025-09-27 17:46:42 +00:00:   method: 'GET',
2025-09-27T17:46:42.130014252Z [inf]  2025-09-27 17:46:42 +00:00:   timestamp: '2025-09-27T17:46:42.124Z',
2025-09-27T17:46:42.130022261Z [inf]  2025-09-27 17:46:42 +00:00:   userId: 'anonymous',
2025-09-27T17:46:42.130028522Z [inf]  2025-09-27 17:46:42 +00:00:   apiKey: 'none',
2025-09-27T17:46:42.130034942Z [inf]  2025-09-27 17:46:42 +00:00:   ip: '100.64.0.3',
2025-09-27T17:46:42.130040973Z [inf]  2025-09-27 17:46:42 +00:00:   userAgent: 'Mozilla/5.0 (Windows NT 10.0; Win64; x64) AppleWebKit/537.36 (KHTML, like Gecko) Chrome/140.0.0.0 Safari/537.36'
2025-09-27T17:46:42.130047789Z [inf]  2025-09-27 17:46:42 +00:00: }
2025-09-27T17:46:42.166114033Z [inf]  2025-09-27 17:46:42 +00:00: API Usage: {
2025-09-27T17:46:42.166120337Z [inf]  2025-09-27 17:46:42 +00:00:   endpoint: '/lawyer-consultancy',
2025-09-27T17:46:42.166125955Z [inf]  2025-09-27 17:46:42 +00:00:   method: 'GET',
2025-09-27T17:46:42.166131828Z [inf]  2025-09-27 17:46:42 +00:00:   timestamp: '2025-09-27T17:46:42.160Z',
2025-09-27T17:46:42.166137739Z [inf]  2025-09-27 17:46:42 +00:00:   userId: 'anonymous',
2025-09-27T17:46:42.166147004Z [inf]  2025-09-27 17:46:42 +00:00:   apiKey: 'none',
2025-09-27T17:46:42.166153034Z [inf]  2025-09-27 17:46:42 +00:00:   ip: '100.64.0.3',
2025-09-27T17:46:42.166159173Z [inf]  2025-09-27 17:46:42 +00:00:   userAgent: 'Mozilla/5.0 (Windows NT 10.0; Win64; x64) AppleWebKit/537.36 (KHTML, like Gecko) Chrome/140.0.0.0 Safari/537.36'
2025-09-27T17:46:42.166165372Z [inf]  2025-09-27 17:46:42 +00:00: }
2025-09-27T17:46:44.015411261Z [inf]  2025-09-27 17:46:44 +00:00: API Usage: {
2025-09-27T17:46:44.015422813Z [inf]  2025-09-27 17:46:44 +00:00:   endpoint: '/building_5.jpg',
2025-09-27T17:46:44.015429292Z [inf]  2025-09-27 17:46:44 +00:00:   method: 'GET',
2025-09-27T17:46:44.015435713Z [inf]  2025-09-27 17:46:44 +00:00:   timestamp: '2025-09-27T17:46:44.008Z',
2025-09-27T17:46:44.015441415Z [inf]  2025-09-27 17:46:44 +00:00:   userId: 'anonymous',
2025-09-27T17:46:44.015447423Z [inf]  2025-09-27 17:46:44 +00:00:   apiKey: 'none',
2025-09-27T17:46:44.015454479Z [inf]  2025-09-27 17:46:44 +00:00:   ip: '100.64.0.3',
2025-09-27T17:46:44.015460659Z [inf]  2025-09-27 17:46:44 +00:00:   userAgent: 'Mozilla/5.0 (Windows NT 10.0; Win64; x64) AppleWebKit/537.36 (KHTML, like Gecko) Chrome/140.0.0.0 Safari/537.36'
2025-09-27T17:46:44.015468513Z [inf]  2025-09-27 17:46:44 +00:00: }
2025-09-27T17:46:44.015474423Z [inf]  2025-09-27 17:46:44 +00:00: API Usage: {
2025-09-27T17:46:44.015481061Z [inf]  2025-09-27 17:46:44 +00:00:   endpoint: '/building_1.jpg',
2025-09-27T17:46:44.015487572Z [inf]  2025-09-27 17:46:44 +00:00:   method: 'GET',
2025-09-27T17:46:44.015494931Z [inf]  2025-09-27 17:46:44 +00:00:   timestamp: '2025-09-27T17:46:44.009Z',
2025-09-27T17:46:44.015501217Z [inf]  2025-09-27 17:46:44 +00:00:   userId: 'anonymous',
2025-09-27T17:46:44.015507056Z [inf]  2025-09-27 17:46:44 +00:00:   apiKey: 'none',
2025-09-27T17:46:44.015513226Z [inf]  2025-09-27 17:46:44 +00:00:   ip: '100.64.0.3',
2025-09-27T17:46:44.015518524Z [inf]  2025-09-27 17:46:44 +00:00:   userAgent: 'Mozilla/5.0 (Windows NT 10.0; Win64; x64) AppleWebKit/537.36 (KHTML, like Gecko) Chrome/140.0.0.0 Safari/537.36'
2025-09-27T17:46:44.015528775Z [inf]  2025-09-27 17:46:44 +00:00: }
2025-09-27T17:46:44.015544243Z [inf]  2025-09-27 17:46:44 +00:00: API Usage: {
2025-09-27T17:46:44.015590020Z [inf]  2025-09-27 17:46:44 +00:00:   endpoint: '/building_4.jpg',
2025-09-27T17:46:44.015596355Z [inf]  2025-09-27 17:46:44 +00:00:   method: 'GET',
2025-09-27T17:46:44.015602304Z [inf]  2025-09-27 17:46:44 +00:00:   timestamp: '2025-09-27T17:46:44.012Z',
2025-09-27T17:46:44.015608178Z [inf]  2025-09-27 17:46:44 +00:00:   userId: 'anonymous',
2025-09-27T17:46:44.015614070Z [inf]  2025-09-27 17:46:44 +00:00:   apiKey: 'none',
2025-09-27T17:46:44.015620557Z [inf]  2025-09-27 17:46:44 +00:00:   ip: '100.64.0.3',
2025-09-27T17:46:44.015625946Z [inf]  2025-09-27 17:46:44 +00:00:   userAgent: 'Mozilla/5.0 (Windows NT 10.0; Win64; x64) AppleWebKit/537.36 (KHTML, like Gecko) Chrome/140.0.0.0 Safari/537.36'
2025-09-27T17:46:44.015632280Z [inf]  2025-09-27 17:46:44 +00:00: }
2025-09-27T17:46:44.022772942Z [inf]  2025-09-27 17:46:44 +00:00: API Usage: {
2025-09-27T17:46:44.022786531Z [inf]  2025-09-27 17:46:44 +00:00:   endpoint: '/m-01.png',
2025-09-27T17:46:44.022794874Z [inf]  2025-09-27 17:46:44 +00:00:   method: 'GET',
2025-09-27T17:46:44.022802299Z [inf]  2025-09-27 17:46:44 +00:00:   timestamp: '2025-09-27T17:46:44.019Z',
2025-09-27T17:46:44.022810464Z [inf]  2025-09-27 17:46:44 +00:00:   userId: 'anonymous',
2025-09-27T17:46:44.022818280Z [inf]  2025-09-27 17:46:44 +00:00:   apiKey: 'none',
2025-09-27T17:46:44.022827929Z [inf]  2025-09-27 17:46:44 +00:00:   ip: '100.64.0.3',
2025-09-27T17:46:44.022835250Z [inf]  2025-09-27 17:46:44 +00:00:   userAgent: 'Mozilla/5.0 (Windows NT 10.0; Win64; x64) AppleWebKit/537.36 (KHTML, like Gecko) Chrome/140.0.0.0 Safari/537.36'
2025-09-27T17:46:44.022842675Z [inf]  2025-09-27 17:46:44 +00:00: }
2025-09-27T17:46:44.027164036Z [inf]  2025-09-27 17:46:44 +00:00: API Usage: {
2025-09-27T17:46:44.027171626Z [inf]  2025-09-27 17:46:44 +00:00:   endpoint: '/fm-01.png',
2025-09-27T17:46:44.027179408Z [inf]  2025-09-27 17:46:44 +00:00:   method: 'GET',
2025-09-27T17:46:44.027188278Z [inf]  2025-09-27 17:46:44 +00:00:   timestamp: '2025-09-27T17:46:44.022Z',
2025-09-27T17:46:44.027196350Z [inf]  2025-09-27 17:46:44 +00:00:   userId: 'anonymous',
2025-09-27T17:46:44.027205092Z [inf]  2025-09-27 17:46:44 +00:00:   apiKey: 'none',
2025-09-27T17:46:44.027213782Z [inf]  2025-09-27 17:46:44 +00:00:   ip: '100.64.0.3',
2025-09-27T17:46:44.027223184Z [inf]  2025-09-27 17:46:44 +00:00:   userAgent: 'Mozilla/5.0 (Windows NT 10.0; Win64; x64) AppleWebKit/537.36 (KHTML, like Gecko) Chrome/140.0.0.0 Safari/537.36'
2025-09-27T17:46:44.027231973Z [inf]  2025-09-27 17:46:44 +00:00: }
2025-09-27T17:46:44.027240505Z [inf]  2025-09-27 17:46:44 +00:00: API Usage: {
2025-09-27T17:46:44.027250212Z [inf]  2025-09-27 17:46:44 +00:00:   endpoint: '/m-02.png',
2025-09-27T17:46:44.027259388Z [inf]  2025-09-27 17:46:44 +00:00:   method: 'GET',
2025-09-27T17:46:44.027270119Z [inf]  2025-09-27 17:46:44 +00:00:   timestamp: '2025-09-27T17:46:44.024Z',
2025-09-27T17:46:44.027281161Z [inf]  2025-09-27 17:46:44 +00:00:   userId: 'anonymous',
2025-09-27T17:46:44.027290604Z [inf]  2025-09-27 17:46:44 +00:00:   apiKey: 'none',
2025-09-27T17:46:44.027300005Z [inf]  2025-09-27 17:46:44 +00:00:   ip: '100.64.0.3',
2025-09-27T17:46:44.027309297Z [inf]  2025-09-27 17:46:44 +00:00:   userAgent: 'Mozilla/5.0 (Windows NT 10.0; Win64; x64) AppleWebKit/537.36 (KHTML, like Gecko) Chrome/140.0.0.0 Safari/537.36'
2025-09-27T17:46:44.027318724Z [inf]  2025-09-27 17:46:44 +00:00: }
2025-09-27T17:46:44.030579350Z [inf]  2025-09-27 17:46:44 +00:00: API Usage: {
2025-09-27T17:46:44.030586322Z [inf]  2025-09-27 17:46:44 +00:00:   endpoint: '/fm-02.png',
2025-09-27T17:46:44.030591156Z [inf]  2025-09-27 17:46:44 +00:00:   method: 'GET',
2025-09-27T17:46:44.030597783Z [inf]  2025-09-27 17:46:44 +00:00:   timestamp: '2025-09-27T17:46:44.025Z',
2025-09-27T17:46:44.030602330Z [inf]  2025-09-27 17:46:44 +00:00:   userId: 'anonymous',
2025-09-27T17:46:44.030607192Z [inf]  2025-09-27 17:46:44 +00:00:   apiKey: 'none',
2025-09-27T17:46:44.030611659Z [inf]  2025-09-27 17:46:44 +00:00:   ip: '100.64.0.3',
2025-09-27T17:46:44.030616219Z [inf]  2025-09-27 17:46:44 +00:00:   userAgent: 'Mozilla/5.0 (Windows NT 10.0; Win64; x64) AppleWebKit/537.36 (KHTML, like Gecko) Chrome/140.0.0.0 Safari/537.36'
2025-09-27T17:46:44.030620683Z [inf]  2025-09-27 17:46:44 +00:00: }
2025-09-27T17:46:44.030624878Z [inf]  2025-09-27 17:46:44 +00:00: API Usage: {
2025-09-27T17:46:44.030629329Z [inf]  2025-09-27 17:46:44 +00:00:   endpoint: '/m-03.png',
2025-09-27T17:46:44.030633712Z [inf]  2025-09-27 17:46:44 +00:00:   method: 'GET',
2025-09-27T17:46:44.030637901Z [inf]  2025-09-27 17:46:44 +00:00:   timestamp: '2025-09-27T17:46:44.027Z',
2025-09-27T17:46:44.030644430Z [inf]  2025-09-27 17:46:44 +00:00:   userId: 'anonymous',
2025-09-27T17:46:44.030651373Z [inf]  2025-09-27 17:46:44 +00:00:   apiKey: 'none',
2025-09-27T17:46:44.030657096Z [inf]  2025-09-27 17:46:44 +00:00:   ip: '100.64.0.3',
2025-09-27T17:46:44.030662278Z [inf]  2025-09-27 17:46:44 +00:00:   userAgent: 'Mozilla/5.0 (Windows NT 10.0; Win64; x64) AppleWebKit/537.36 (KHTML, like Gecko) Chrome/140.0.0.0 Safari/537.36'
2025-09-27T17:46:44.030668025Z [inf]  2025-09-27 17:46:44 +00:00: }
2025-09-27T17:46:44.144523321Z [inf]  2025-09-27 17:46:44 +00:00: API Usage: {
2025-09-27T17:46:44.144528397Z [inf]  2025-09-27 17:46:44 +00:00:   endpoint: '/api/v1/properties',
2025-09-27T17:46:44.144532453Z [inf]  2025-09-27 17:46:44 +00:00:   method: 'GET',
2025-09-27T17:46:44.144537197Z [inf]  2025-09-27 17:46:44 +00:00:   timestamp: '2025-09-27T17:46:44.110Z',
2025-09-27T17:46:44.144544449Z [inf]  2025-09-27 17:46:44 +00:00:   userId: 'anonymous',
2025-09-27T17:46:44.144548816Z [inf]  2025-09-27 17:46:44 +00:00:   apiKey: 'none',
2025-09-27T17:46:44.144553032Z [inf]  2025-09-27 17:46:44 +00:00:   ip: '100.64.0.3',
2025-09-27T17:46:44.144557209Z [inf]  2025-09-27 17:46:44 +00:00:   userAgent: 'Mozilla/5.0 (Windows NT 10.0; Win64; x64) AppleWebKit/537.36 (KHTML, like Gecko) Chrome/140.0.0.0 Safari/537.36'
2025-09-27T17:46:44.144561665Z [inf]  2025-09-27 17:46:44 +00:00: }
2025-09-27T17:46:44.144565887Z [inf]  2025-09-27 17:46:44 +00:00: API Usage: {
2025-09-27T17:46:44.144570827Z [inf]  2025-09-27 17:46:44 +00:00:   endpoint: '/api/v1/properties/featured',
2025-09-27T17:46:44.144576421Z [inf]  2025-09-27 17:46:44 +00:00:   method: 'GET',
2025-09-27T17:46:44.144581346Z [inf]  2025-09-27 17:46:44 +00:00:   timestamp: '2025-09-27T17:46:44.113Z',
2025-09-27T17:46:44.144585677Z [inf]  2025-09-27 17:46:44 +00:00:   userId: 'anonymous',
2025-09-27T17:46:44.144599347Z [inf]  2025-09-27 17:46:44 +00:00:   apiKey: 'none',
2025-09-27T17:46:44.144610508Z [inf]  2025-09-27 17:46:44 +00:00:   ip: '100.64.0.3',
2025-09-27T17:46:44.144615978Z [inf]  2025-09-27 17:46:44 +00:00:   userAgent: 'Mozilla/5.0 (Windows NT 10.0; Win64; x64) AppleWebKit/537.36 (KHTML, like Gecko) Chrome/140.0.0.0 Safari/537.36'
2025-09-27T17:46:44.144623256Z [inf]  2025-09-27 17:46:44 +00:00: }
2025-09-27T17:46:44.144629322Z [inf]  2025-09-27 17:46:44 +00:00: Property View: {
2025-09-27T17:46:44.144636438Z [inf]  2025-09-27 17:46:44 +00:00:   propertyId: undefined,
2025-09-27T17:46:44.144643015Z [inf]  2025-09-27 17:46:44 +00:00:   userId: 'anonymous',
2025-09-27T17:46:44.144649486Z [inf]  2025-09-27 17:46:44 +00:00:   timestamp: '2025-09-27T17:46:44.113Z',
2025-09-27T17:46:44.144656433Z [inf]  2025-09-27 17:46:44 +00:00:   ip: '100.64.0.3',
2025-09-27T17:46:44.144663113Z [inf]  2025-09-27 17:46:44 +00:00:   userAgent: 'Mozilla/5.0 (Windows NT 10.0; Win64; x64) AppleWebKit/537.36 (KHTML, like Gecko) Chrome/140.0.0.0 Safari/537.36',
2025-09-27T17:46:44.144669431Z [inf]  2025-09-27 17:46:44 +00:00:   referrer: 'https://www.squarefooot.com/'
2025-09-27T17:46:44.144675069Z [inf]  2025-09-27 17:46:44 +00:00: }
2025-09-27T17:46:44.422315449Z [inf]  2025-09-27 17:46:44 +00:00: {
2025-09-27T17:46:44.422326564Z [inf]  2025-09-27 17:46:44 +00:00:   requestId: '9dd92c85-ce15-44ad-bea0-8a7930a9f844',
2025-09-27T17:46:44.422332990Z [inf]  2025-09-27 17:46:44 +00:00:   method: 'GET',
2025-09-27T17:46:44.422339232Z [inf]  2025-09-27 17:46:44 +00:00:   url: '/featured',
2025-09-27T17:46:44.422345207Z [inf]  2025-09-27 17:46:44 +00:00:   statusCode: 200,
2025-09-27T17:46:44.422351705Z [inf]  2025-09-27 17:46:44 +00:00:   duration: '299ms',
2025-09-27T17:46:44.422358396Z [inf]  2025-09-27 17:46:44 +00:00:   userAgent: 'Mozilla/5.0 (Windows NT 10.0; Win64; x64) AppleWebKit/537.36 (KHTML, like Gecko) Chrome/140.0.0.0 Safari/537.36',
2025-09-27T17:46:44.422364751Z [inf]  2025-09-27 17:46:44 +00:00:   ip: '100.64.0.3',
2025-09-27T17:46:44.422371648Z [inf]  2025-09-27 17:46:44 +00:00:   userId: 'anonymous',
2025-09-27T17:46:44.422377633Z [inf]  2025-09-27 17:46:44 +00:00:   timestamp: '2025-09-27T17:46:44.412Z'
2025-09-27T17:46:44.422384407Z [inf]  2025-09-27 17:46:44 +00:00: }
2025-09-27T17:46:44.549758895Z [inf]  2025-09-27 17:46:44 +00:00: {
2025-09-27T17:46:44.549769120Z [inf]  2025-09-27 17:46:44 +00:00:   requestId: '97ad15d1-586c-4fbc-8c58-3636232dc278',
2025-09-27T17:46:44.549774919Z [inf]  2025-09-27 17:46:44 +00:00:   method: 'GET',
2025-09-27T17:46:44.549781948Z [inf]  2025-09-27 17:46:44 +00:00:   url: '/?page=1&limit=12',
2025-09-27T17:46:44.549788921Z [inf]  2025-09-27 17:46:44 +00:00:   statusCode: 200,
2025-09-27T17:46:44.549796101Z [inf]  2025-09-27 17:46:44 +00:00:   duration: '435ms',
2025-09-27T17:46:44.549802793Z [inf]  2025-09-27 17:46:44 +00:00:   userAgent: 'Mozilla/5.0 (Windows NT 10.0; Win64; x64) AppleWebKit/537.36 (KHTML, like Gecko) Chrome/140.0.0.0 Safari/537.36',
2025-09-27T17:46:44.549808829Z [inf]  2025-09-27 17:46:44 +00:00:   ip: '100.64.0.3',
2025-09-27T17:46:44.549816143Z [inf]  2025-09-27 17:46:44 +00:00:   userId: 'anonymous',
2025-09-27T17:46:44.549821997Z [inf]  2025-09-27 17:46:44 +00:00:   timestamp: '2025-09-27T17:46:44.545Z'
2025-09-27T17:46:44.549827427Z [inf]  2025-09-27 17:46:44 +00:00: }
2025-09-27T17:47:04.547042194Z [inf]  2025-09-27 17:46:59 +00:00: API Usage: {
2025-09-27T17:47:04.547050054Z [inf]  2025-09-27 17:46:59 +00:00:   endpoint: '/properties',
2025-09-27T17:47:04.547056898Z [inf]  2025-09-27 17:46:59 +00:00:   method: 'GET',
2025-09-27T17:47:04.547062747Z [inf]  2025-09-27 17:46:59 +00:00:   timestamp: '2025-09-27T17:46:59.668Z',
2025-09-27T17:47:04.547068810Z [inf]  2025-09-27 17:46:59 +00:00:   userId: 'anonymous',
2025-09-27T17:47:04.547074188Z [inf]  2025-09-27 17:46:59 +00:00:   apiKey: 'none',
2025-09-27T17:47:04.547079956Z [inf]  2025-09-27 17:46:59 +00:00:   ip: '100.64.0.3',
2025-09-27T17:47:04.547085706Z [inf]  2025-09-27 17:46:59 +00:00:   userAgent: 'Mozilla/5.0 (Windows NT 10.0; Win64; x64) AppleWebKit/537.36 (KHTML, like Gecko) Chrome/140.0.0.0 Safari/537.36'
2025-09-27T17:47:04.547092394Z [inf]  2025-09-27 17:46:59 +00:00: }
2025-09-27T17:47:04.547098238Z [inf]  2025-09-27 17:46:59 +00:00: API Usage: {
2025-09-27T17:47:04.547104919Z [inf]  2025-09-27 17:46:59 +00:00:   endpoint: '/api/v1/api/properties',
2025-09-27T17:47:04.547110412Z [inf]  2025-09-27 17:46:59 +00:00:   method: 'GET',
2025-09-27T17:47:04.547116224Z [inf]  2025-09-27 17:46:59 +00:00:   timestamp: '2025-09-27T17:46:59.699Z',
2025-09-27T17:47:04.547122606Z [inf]  2025-09-27 17:46:59 +00:00:   userId: 'anonymous',
2025-09-27T17:47:04.547128638Z [inf]  2025-09-27 17:46:59 +00:00:   apiKey: 'none',
2025-09-27T17:47:04.547134203Z [inf]  2025-09-27 17:46:59 +00:00:   ip: '100.64.0.4',
2025-09-27T17:47:04.547141888Z [inf]  2025-09-27 17:46:59 +00:00:   userAgent: 'node'
2025-09-27T17:47:04.547148036Z [inf]  2025-09-27 17:46:59 +00:00: }
2025-09-27T17:47:04.547153869Z [inf]  2025-09-27 17:47:03 +00:00: API Usage: {
2025-09-27T17:47:04.547160345Z [inf]  2025-09-27 17:47:03 +00:00:   endpoint: '/api/v1/properties/featured',
2025-09-27T17:47:04.547166270Z [inf]  2025-09-27 17:47:03 +00:00:   method: 'GET',
2025-09-27T17:47:04.547173864Z [inf]  2025-09-27 17:47:03 +00:00:   timestamp: '2025-09-27T17:47:03.395Z',
2025-09-27T17:47:04.547179322Z [inf]  2025-09-27 17:47:03 +00:00:   userId: 'anonymous',
2025-09-27T17:47:04.547186873Z [inf]  2025-09-27 17:47:03 +00:00:   apiKey: 'none',
2025-09-27T17:47:04.547192848Z [inf]  2025-09-27 17:47:03 +00:00:   ip: '100.64.0.3',
2025-09-27T17:47:04.547199540Z [inf]  2025-09-27 17:47:03 +00:00:   userAgent: 'Mozilla/5.0 (Windows NT 10.0; Win64; x64) AppleWebKit/537.36 (KHTML, like Gecko) Chrome/140.0.0.0 Safari/537.36'
2025-09-27T17:47:04.547205690Z [inf]  2025-09-27 17:47:03 +00:00: }
2025-09-27T17:47:04.547211531Z [inf]  2025-09-27 17:47:03 +00:00: Property View: {
2025-09-27T17:47:04.547221773Z [inf]  2025-09-27 17:47:03 +00:00:   propertyId: undefined,
2025-09-27T17:47:04.547229454Z [inf]  2025-09-27 17:47:03 +00:00:   userId: 'anonymous',
2025-09-27T17:47:04.547236656Z [inf]  2025-09-27 17:47:03 +00:00:   timestamp: '2025-09-27T17:47:03.395Z',
2025-09-27T17:47:04.547243160Z [inf]  2025-09-27 17:47:03 +00:00:   ip: '100.64.0.3',
2025-09-27T17:47:04.547250688Z [inf]  2025-09-27 17:47:03 +00:00:   userAgent: 'Mozilla/5.0 (Windows NT 10.0; Win64; x64) AppleWebKit/537.36 (KHTML, like Gecko) Chrome/140.0.0.0 Safari/537.36',
2025-09-27T17:47:04.547257260Z [inf]  2025-09-27 17:47:03 +00:00:   referrer: 'https://www.squarefooot.com/'
2025-09-27T17:47:04.547263786Z [inf]  2025-09-27 17:47:03 +00:00: }
2025-09-27T17:47:04.547270996Z [inf]  2025-09-27 17:47:03 +00:00: {
2025-09-27T17:47:04.547278361Z [inf]  2025-09-27 17:47:03 +00:00:   requestId: 'b5b6f2ab-1a23-4eda-a3bb-cd528c197ef9',
2025-09-27T17:47:04.547285072Z [inf]  2025-09-27 17:47:03 +00:00:   method: 'GET',
2025-09-27T17:47:04.547294025Z [inf]  2025-09-27 17:47:03 +00:00:   url: '/featured',
2025-09-27T17:47:04.547300601Z [inf]  2025-09-27 17:47:03 +00:00:   statusCode: 200,
2025-09-27T17:47:04.547308134Z [inf]  2025-09-27 17:47:03 +00:00:   duration: '286ms',
2025-09-27T17:47:04.547316268Z [inf]  2025-09-27 17:47:03 +00:00:   userAgent: 'Mozilla/5.0 (Windows NT 10.0; Win64; x64) AppleWebKit/537.36 (KHTML, like Gecko) Chrome/140.0.0.0 Safari/537.36',
2025-09-27T17:47:04.547323552Z [inf]  2025-09-27 17:47:03 +00:00:   ip: '100.64.0.3',
2025-09-27T17:47:04.547331140Z [inf]  2025-09-27 17:47:03 +00:00:   userId: 'anonymous',
2025-09-27T17:47:04.547339120Z [inf]  2025-09-27 17:47:03 +00:00:   timestamp: '2025-09-27T17:47:03.681Z'
2025-09-27T17:47:04.547349165Z [inf]  2025-09-27 17:47:03 +00:00: }
2025-09-27T17:47:24.522733628Z [inf]  2025-09-27 17:47:18 +00:00: API Usage: {
2025-09-27T17:47:24.522743035Z [inf]  2025-09-27 17:47:18 +00:00:   endpoint: '/packers-and-movers',
2025-09-27T17:47:24.522749372Z [inf]  2025-09-27 17:47:18 +00:00:   method: 'GET',
2025-09-27T17:47:24.522755554Z [inf]  2025-09-27 17:47:18 +00:00:   timestamp: '2025-09-27T17:47:18.489Z',
2025-09-27T17:47:24.522761329Z [inf]  2025-09-27 17:47:18 +00:00:   userId: 'anonymous',
2025-09-27T17:47:24.522767047Z [inf]  2025-09-27 17:47:18 +00:00:   apiKey: 'none',
2025-09-27T17:47:24.522773776Z [inf]  2025-09-27 17:47:18 +00:00:   ip: '100.64.0.3',
2025-09-27T17:47:24.522779762Z [inf]  2025-09-27 17:47:18 +00:00:   userAgent: 'Mozilla/5.0 (Windows NT 10.0; Win64; x64) AppleWebKit/537.36 (KHTML, like Gecko) Chrome/140.0.0.0 Safari/537.36'
2025-09-27T17:47:24.522785147Z [inf]  2025-09-27 17:47:18 +00:00: }
2025-09-27T17:47:24.558453424Z [inf]  2025-09-27 17:47:24 +00:00: API Usage: {
2025-09-27T17:47:24.558464663Z [inf]  2025-09-27 17:47:24 +00:00:   endpoint: '/properties/680cb6370b06b388af8e6ce4',
2025-09-27T17:47:24.558472396Z [inf]  2025-09-27 17:47:24 +00:00:   method: 'GET',
2025-09-27T17:47:24.558481096Z [inf]  2025-09-27 17:47:24 +00:00:   timestamp: '2025-09-27T17:47:24.549Z',
2025-09-27T17:47:24.558488085Z [inf]  2025-09-27 17:47:24 +00:00:   userId: 'anonymous',
2025-09-27T17:47:24.558495511Z [inf]  2025-09-27 17:47:24 +00:00:   apiKey: 'none',
2025-09-27T17:47:24.558502146Z [inf]  2025-09-27 17:47:24 +00:00:   ip: '100.64.0.3',
2025-09-27T17:47:24.558509102Z [inf]  2025-09-27 17:47:24 +00:00:   userAgent: 'Mozilla/5.0 (Windows NT 10.0; Win64; x64) AppleWebKit/537.36 (KHTML, like Gecko) Chrome/140.0.0.0 Safari/537.36'
2025-09-27T17:47:24.558519569Z [inf]  2025-09-27 17:47:24 +00:00: }
2025-09-27T17:47:24.558526621Z [inf]  2025-09-27 17:47:24 +00:00: Property View: {
2025-09-27T17:47:24.558534311Z [inf]  2025-09-27 17:47:24 +00:00:   propertyId: undefined,
2025-09-27T17:47:24.558540824Z [inf]  2025-09-27 17:47:24 +00:00:   userId: 'anonymous',
2025-09-27T17:47:24.558547517Z [inf]  2025-09-27 17:47:24 +00:00:   timestamp: '2025-09-27T17:47:24.549Z',
2025-09-27T17:47:24.558554787Z [inf]  2025-09-27 17:47:24 +00:00:   ip: '100.64.0.3',
2025-09-27T17:47:24.558561673Z [inf]  2025-09-27 17:47:24 +00:00:   userAgent: 'Mozilla/5.0 (Windows NT 10.0; Win64; x64) AppleWebKit/537.36 (KHTML, like Gecko) Chrome/140.0.0.0 Safari/537.36',
2025-09-27T17:47:24.558569127Z [inf]  2025-09-27 17:47:24 +00:00:   referrer: 'https://www.squarefooot.com/'
2025-09-27T17:47:24.558578497Z [inf]  2025-09-27 17:47:24 +00:00: }
2025-09-27T17:47:24.783507514Z [inf]  2025-09-27 17:47:24 +00:00: API Usage: {
2025-09-27T17:47:24.783516105Z [inf]  2025-09-27 17:47:24 +00:00:   endpoint: '/api/v1/properties/680cb6370b06b388af8e6ce4',
2025-09-27T17:47:24.783522335Z [inf]  2025-09-27 17:47:24 +00:00:   method: 'GET',
2025-09-27T17:47:24.783529284Z [inf]  2025-09-27 17:47:24 +00:00:   timestamp: '2025-09-27T17:47:24.776Z',
2025-09-27T17:47:24.783548647Z [inf]  2025-09-27 17:47:24 +00:00:   userId: 'anonymous',
2025-09-27T17:47:24.783555158Z [inf]  2025-09-27 17:47:24 +00:00:   apiKey: 'none',
2025-09-27T17:47:24.783560327Z [inf]  2025-09-27 17:47:24 +00:00:   ip: '100.64.0.6',
2025-09-27T17:47:24.783565868Z [inf]  2025-09-27 17:47:24 +00:00:   userAgent: 'node'
2025-09-27T17:47:24.783578794Z [inf]  2025-09-27 17:47:24 +00:00: }
2025-09-27T17:47:24.783584018Z [inf]  2025-09-27 17:47:24 +00:00: Property View: {
2025-09-27T17:47:24.783590710Z [inf]  2025-09-27 17:47:24 +00:00:   propertyId: undefined,
2025-09-27T17:47:24.783596302Z [inf]  2025-09-27 17:47:24 +00:00:   userId: 'anonymous',
2025-09-27T17:47:24.783602887Z [inf]  2025-09-27 17:47:24 +00:00:   timestamp: '2025-09-27T17:47:24.777Z',
2025-09-27T17:47:24.783612429Z [inf]  2025-09-27 17:47:24 +00:00:   ip: '100.64.0.6',
2025-09-27T17:47:24.783618434Z [inf]  2025-09-27 17:47:24 +00:00:   userAgent: 'node',
2025-09-27T17:47:24.783624115Z [inf]  2025-09-27 17:47:24 +00:00:   referrer: undefined
2025-09-27T17:47:24.783629660Z [inf]  2025-09-27 17:47:24 +00:00: }
2025-09-27T17:47:25.231044590Z [err]  2025-09-27 17:47:25 +00:00: Error incrementing property views: Error: Property validation failed: address.locality: Please add a locality
2025-09-27T17:47:25.231052715Z [err]  2025-09-27 17:47:25 +00:00:     at ValidationError.inspect (/app/node_modules/mongoose/lib/error/validation.js:52:26)
2025-09-27T17:47:25.231060060Z [err]  2025-09-27 17:47:25 +00:00:     at formatValue (node:internal/util/inspect:829:19)
2025-09-27T17:47:25.231069963Z [err]  2025-09-27 17:47:25 +00:00:     at inspect (node:internal/util/inspect:372:10)
2025-09-27T17:47:25.231078128Z [err]  2025-09-27 17:47:25 +00:00:     at formatWithOptionsInternal (node:internal/util/inspect:2334:40)
2025-09-27T17:47:25.231086061Z [err]  2025-09-27 17:47:25 +00:00:     at formatWithOptions (node:internal/util/inspect:2196:10)
2025-09-27T17:47:25.231094186Z [err]  2025-09-27 17:47:25 +00:00:     at console.value (node:internal/console/constructor:350:14)
2025-09-27T17:47:25.231101892Z [err]  2025-09-27 17:47:25 +00:00:     at console.warn (node:internal/console/constructor:383:61)
2025-09-27T17:47:25.231109678Z [err]  2025-09-27 17:47:25 +00:00:     at /app/server/controllers/propertyController.js:221:13
2025-09-27T17:47:25.231117390Z [err]  2025-09-27 17:47:25 +00:00:     at process.processTicksAndRejections (node:internal/process/task_queues:95:5) {
2025-09-27T17:47:25.231124616Z [err]  2025-09-27 17:47:25 +00:00:   errors: {
2025-09-27T17:47:25.231131728Z [err]  2025-09-27 17:47:25 +00:00:     'address.locality': ValidatorError: Please add a locality
2025-09-27T17:47:25.231138996Z [err]  2025-09-27 17:47:25 +00:00:         at validate (/app/node_modules/mongoose/lib/schemaType.js:1413:13)
2025-09-27T17:47:25.231146670Z [err]  2025-09-27 17:47:25 +00:00:         at SchemaType.doValidate (/app/node_modules/mongoose/lib/schemaType.js:1397:7)
2025-09-27T17:47:25.231153366Z [err]  2025-09-27 17:47:25 +00:00:         at /app/node_modules/mongoose/lib/document.js:3111:18
2025-09-27T17:47:25.231160543Z [err]  2025-09-27 17:47:25 +00:00:         at process.processTicksAndRejections (node:internal/process/task_queues:77:11) {
2025-09-27T17:47:25.231167683Z [err]  2025-09-27 17:47:25 +00:00:       properties: [Object],
2025-09-27T17:47:25.231175238Z [err]  2025-09-27 17:47:25 +00:00:       kind: 'required',
2025-09-27T17:47:25.231182039Z [err]  2025-09-27 17:47:25 +00:00:       path: 'address.locality',
2025-09-27T17:47:25.231189221Z [err]  2025-09-27 17:47:25 +00:00:       value: undefined,
2025-09-27T17:47:25.231197802Z [err]  2025-09-27 17:47:25 +00:00:       reason: undefined,
2025-09-27T17:47:25.231204841Z [err]  2025-09-27 17:47:25 +00:00:       [Symbol(mongoose#validatorError)]: true
2025-09-27T17:47:25.231211441Z [err]  2025-09-27 17:47:25 +00:00:     }
2025-09-27T17:47:25.231219997Z [err]  2025-09-27 17:47:25 +00:00:   },
2025-09-27T17:47:25.231226448Z [err]  2025-09-27 17:47:25 +00:00:   _message: 'Property validation failed'
2025-09-27T17:47:25.231232041Z [err]  2025-09-27 17:47:25 +00:00: }
2025-09-27T17:47:25.231239500Z [inf]  2025-09-27 17:47:25 +00:00: {
2025-09-27T17:47:25.231248523Z [inf]  2025-09-27 17:47:25 +00:00:   requestId: '564a6ab2-f98d-4bc5-b866-97efb592bde6',
2025-09-27T17:47:25.231255459Z [inf]  2025-09-27 17:47:25 +00:00:   method: 'GET',
2025-09-27T17:47:25.231263353Z [inf]  2025-09-27 17:47:25 +00:00:   url: '/680cb6370b06b388af8e6ce4',
2025-09-27T17:47:25.231270193Z [inf]  2025-09-27 17:47:25 +00:00:   statusCode: 200,
2025-09-27T17:47:25.231277479Z [inf]  2025-09-27 17:47:25 +00:00:   duration: '445ms',
2025-09-27T17:47:25.231283967Z [inf]  2025-09-27 17:47:25 +00:00:   userAgent: 'node',
2025-09-27T17:47:25.231290276Z [inf]  2025-09-27 17:47:25 +00:00:   ip: '100.64.0.6',
2025-09-27T17:47:25.231295805Z [inf]  2025-09-27 17:47:25 +00:00:   userId: 'anonymous',
2025-09-27T17:47:25.231301420Z [inf]  2025-09-27 17:47:25 +00:00:   timestamp: '2025-09-27T17:47:25.221Z'
2025-09-27T17:47:25.231308356Z [inf]  2025-09-27 17:47:25 +00:00: }
2025-09-27T17:47:25.248124321Z [err]  2025-09-27 17:47:25 +00:00: TypeError: r.includes is not a function
2025-09-27T17:47:25.248135117Z [err]  2025-09-27 17:47:25 +00:00:     at /app/new-nextjs-app/.next/server/app/properties/[id]/page.js:1:36293
2025-09-27T17:47:25.248142605Z [err]  2025-09-27 17:47:25 +00:00:     at Module.d (/app/new-nextjs-app/.next/server/app/properties/[id]/page.js:1:36532) {
2025-09-27T17:47:25.248149481Z [err]  2025-09-27 17:47:25 +00:00:   digest: '924880226'
2025-09-27T17:47:25.248156433Z [err]  2025-09-27 17:47:25 +00:00: }
2025-09-27T17:47:25.248163223Z [err]  2025-09-27 17:47:25 +00:00: TypeError: r.includes is not a function
2025-09-27T17:47:25.248169532Z [err]  2025-09-27 17:47:25 +00:00:     at /app/new-nextjs-app/.next/server/app/properties/[id]/page.js:1:36293
2025-09-27T17:47:25.248176083Z [err]  2025-09-27 17:47:25 +00:00:     at Module.d (/app/new-nextjs-app/.next/server/app/properties/[id]/page.js:1:36532) {
2025-09-27T17:47:25.248183289Z [err]  2025-09-27 17:47:25 +00:00:   digest: '924880226'
2025-09-27T17:47:25.248201747Z [err]  2025-09-27 17:47:25 +00:00: }
2025-09-27T17:47:25.321345296Z [err]  2025-09-27 17:47:25 +00:00: TypeError: r.includes is not a function
2025-09-27T17:47:25.321354168Z [err]  2025-09-27 17:47:25 +00:00:     at /app/new-nextjs-app/.next/server/app/properties/[id]/page.js:1:36293
2025-09-27T17:47:25.321362049Z [err]  2025-09-27 17:47:25 +00:00:     at Module.d (/app/new-nextjs-app/.next/server/app/properties/[id]/page.js:1:36532) {
2025-09-27T17:47:25.321369614Z [err]  2025-09-27 17:47:25 +00:00:   digest: '924880226'
2025-09-27T17:47:25.321377001Z [err]  2025-09-27 17:47:25 +00:00: }
2025-09-27T17:47:25.339322588Z [err]  2025-09-27 17:47:25 +00:00:  ⨯ TypeError: r.includes is not a function
2025-09-27T17:47:25.339336062Z [err]  2025-09-27 17:47:25 +00:00:     at /app/new-nextjs-app/.next/server/app/properties/[id]/page.js:1:36293
2025-09-27T17:47:25.339342430Z [err]  2025-09-27 17:47:25 +00:00:     at Module.d (/app/new-nextjs-app/.next/server/app/properties/[id]/page.js:1:36532) {
2025-09-27T17:47:25.339349327Z [err]  2025-09-27 17:47:25 +00:00:   digest: '924880226'
2025-09-27T17:47:25.339355865Z [err]  2025-09-27 17:47:25 +00:00: }
2025-09-27T17:47:25.375825598Z [err]  2025-09-27 17:47:25 +00:00:  ⨯ Error: Cannot find module 'critters'
2025-09-27T17:47:25.375838107Z [err]  2025-09-27 17:47:25 +00:00: Require stack:
2025-09-27T17:47:25.375850122Z [err]  2025-09-27 17:47:25 +00:00: - /app/node_modules/next/dist/compiled/next-server/pages.runtime.prod.js
2025-09-27T17:47:25.375859985Z [err]  2025-09-27 17:47:25 +00:00: - /app/new-nextjs-app/.next/server/pages/_document.js
2025-09-27T17:47:25.375867406Z [err]  2025-09-27 17:47:25 +00:00: - /app/node_modules/next/dist/server/require.js
2025-09-27T17:47:25.375874501Z [err]  2025-09-27 17:47:25 +00:00: - /app/node_modules/next/dist/server/next-server.js
2025-09-27T17:47:25.375882471Z [err]  2025-09-27 17:47:25 +00:00: - /app/node_modules/next/dist/server/next.js
2025-09-27T17:47:25.375888794Z [err]  2025-09-27 17:47:25 +00:00: - /app/server.js
2025-09-27T17:47:25.375911444Z [err]  2025-09-27 17:47:25 +00:00:     at Module._resolveFilename (node:internal/modules/cjs/loader:1207:15)
2025-09-27T17:47:25.375918104Z [err]  2025-09-27 17:47:25 +00:00:     at /app/node_modules/next/dist/server/require-hook.js:55:36
2025-09-27T17:47:25.375924612Z [err]  2025-09-27 17:47:25 +00:00:     at Hook._require.Module.require (/usr/local/lib/node_modules/pm2/node_modules/require-in-the-middle/index.js:81:25)
2025-09-27T17:47:25.375931019Z [err]  2025-09-27 17:47:25 +00:00:     at mod.require (/app/node_modules/next/dist/server/require-hook.js:65:28)
2025-09-27T17:47:25.375936770Z [err]  2025-09-27 17:47:25 +00:00:     at require (node:internal/modules/helpers:182:18)
2025-09-27T17:47:25.375945410Z [err]  2025-09-27 17:47:25 +00:00:     at Object.critters (/app/node_modules/next/dist/compiled/next-server/pages.runtime.prod.js:14:17952)
2025-09-27T17:47:25.375951949Z [err]  2025-09-27 17:47:25 +00:00:     at r (/app/node_modules/next/dist/compiled/next-server/pages.runtime.prod.js:14:18476)
2025-09-27T17:47:25.375958732Z [err]  2025-09-27 17:47:25 +00:00:     at /app/node_modules/next/dist/compiled/next-server/pages.runtime.prod.js:14:13135
2025-09-27T17:47:25.375964839Z [err]  2025-09-27 17:47:25 +00:00:     at u (/app/node_modules/next/dist/compiled/next-server/pages.runtime.prod.js:14:13382)
2025-09-27T17:47:25.375971045Z [err]  2025-09-27 17:47:25 +00:00:     at async e3 (/app/node_modules/next/dist/compiled/next-server/pages.runtime.prod.js:31:7193)
2025-09-27T17:47:25.375977471Z [err]  2025-09-27 17:47:25 +00:00:     at async doRender (/app/node_modules/next/dist/server/base-server.js:1393:30)
2025-09-27T17:47:25.375986412Z [err]  2025-09-27 17:47:25 +00:00:     at async cacheEntry.responseCache.get.routeKind (/app/node_modules/next/dist/server/base-server.js:1567:28)
2025-09-27T17:47:25.375992086Z [err]  2025-09-27 17:47:25 +00:00:     at async NextNodeServer.renderToResponseWithComponentsImpl (/app/node_modules/next/dist/server/base-server.js:1475:28)
2025-09-27T17:47:25.375998186Z [err]  2025-09-27 17:47:25 +00:00:     at async NextNodeServer.renderErrorToResponseImpl (/app/node_modules/next/dist/server/base-server.js:2159:24)
2025-09-27T17:47:25.376005136Z [err]  2025-09-27 17:47:25 +00:00:     at async NextNodeServer.renderToResponseImpl (/app/node_modules/next/dist/server/base-server.js:1996:30)
2025-09-27T17:47:25.376011520Z [err]  2025-09-27 17:47:25 +00:00:     at async NextNodeServer.pipeImpl (/app/node_modules/next/dist/server/base-server.js:914:25) {
2025-09-27T17:47:25.376020578Z [err]  2025-09-27 17:47:25 +00:00:   code: 'MODULE_NOT_FOUND',
2025-09-27T17:47:25.376026851Z [err]  2025-09-27 17:47:25 +00:00:   requireStack: [
2025-09-27T17:47:25.376033193Z [err]  2025-09-27 17:47:25 +00:00:     '/app/node_modules/next/dist/compiled/next-server/pages.runtime.prod.js',
2025-09-27T17:47:25.376039006Z [err]  2025-09-27 17:47:25 +00:00:     '/app/new-nextjs-app/.next/server/pages/_document.js',
2025-09-27T17:47:25.376044772Z [err]  2025-09-27 17:47:25 +00:00:     '/app/node_modules/next/dist/server/require.js',
2025-09-27T17:47:25.376054747Z [err]  2025-09-27 17:47:25 +00:00:     '/app/node_modules/next/dist/server/next-server.js',
2025-09-27T17:47:25.376061084Z [err]  2025-09-27 17:47:25 +00:00:     '/app/node_modules/next/dist/server/next.js',
2025-09-27T17:47:25.376067299Z [err]  2025-09-27 17:47:25 +00:00:     '/app/server.js'
2025-09-27T17:47:25.376073767Z [err]  2025-09-27 17:47:25 +00:00:   ]
2025-09-27T17:47:25.376080426Z [err]  2025-09-27 17:47:25 +00:00: }
2025-09-27T17:47:25.541784601Z [inf]  2025-09-27 17:47:25 +00:00: API Usage: {
2025-09-27T17:47:25.541793947Z [inf]  2025-09-27 17:47:25 +00:00:   endpoint: '/properties/680cb6370b06b388af8e6ce4',
2025-09-27T17:47:25.541800798Z [inf]  2025-09-27 17:47:25 +00:00:   method: 'GET',
2025-09-27T17:47:25.541807103Z [inf]  2025-09-27 17:47:25 +00:00:   timestamp: '2025-09-27T17:47:25.524Z',
2025-09-27T17:47:25.541813164Z [inf]  2025-09-27 17:47:25 +00:00:   userId: 'anonymous',
2025-09-27T17:47:25.541821617Z [inf]  2025-09-27 17:47:25 +00:00:   apiKey: 'none',
2025-09-27T17:47:25.541828536Z [inf]  2025-09-27 17:47:25 +00:00:   ip: '100.64.0.3',
2025-09-27T17:47:25.541835182Z [inf]  2025-09-27 17:47:25 +00:00:   userAgent: 'Mozilla/5.0 (Windows NT 10.0; Win64; x64) AppleWebKit/537.36 (KHTML, like Gecko) Chrome/140.0.0.0 Safari/537.36'
2025-09-27T17:47:25.541841690Z [inf]  2025-09-27 17:47:25 +00:00: }
2025-09-27T17:47:25.541848292Z [inf]  2025-09-27 17:47:25 +00:00: Property View: {
2025-09-27T17:47:25.541854219Z [inf]  2025-09-27 17:47:25 +00:00:   propertyId: undefined,
2025-09-27T17:47:25.541859942Z [inf]  2025-09-27 17:47:25 +00:00:   userId: 'anonymous',
2025-09-27T17:47:25.541870912Z [inf]  2025-09-27 17:47:25 +00:00:   timestamp: '2025-09-27T17:47:25.524Z',
2025-09-27T17:47:25.541876940Z [inf]  2025-09-27 17:47:25 +00:00:   ip: '100.64.0.3',
2025-09-27T17:47:25.541883664Z [inf]  2025-09-27 17:47:25 +00:00:   userAgent: 'Mozilla/5.0 (Windows NT 10.0; Win64; x64) AppleWebKit/537.36 (KHTML, like Gecko) Chrome/140.0.0.0 Safari/537.36',
2025-09-27T17:47:25.541889686Z [inf]  2025-09-27 17:47:25 +00:00:   referrer: 'https://www.squarefooot.com/'
2025-09-27T17:47:25.541895672Z [inf]  2025-09-27 17:47:25 +00:00: }
2025-09-27T17:47:25.550176906Z [err]  2025-09-27 17:47:25 +00:00: TypeError: r.includes is not a function
2025-09-27T17:47:25.550186942Z [err]  2025-09-27 17:47:25 +00:00:     at /app/new-nextjs-app/.next/server/app/properties/[id]/page.js:1:36293
2025-09-27T17:47:25.550197243Z [err]  2025-09-27 17:47:25 +00:00:     at Module.d (/app/new-nextjs-app/.next/server/app/properties/[id]/page.js:1:36532)
2025-09-27T17:47:25.550202221Z [err]  2025-09-27 17:47:25 +00:00:     at runNextTicks (node:internal/process/task_queues:60:5)
2025-09-27T17:47:25.550216948Z [err]  2025-09-27 17:47:25 +00:00:     at listOnTimeout (node:internal/timers:545:9)
2025-09-27T17:47:25.550222856Z [err]  2025-09-27 17:47:25 +00:00:     at process.processTimers (node:internal/timers:519:7) {
2025-09-27T17:47:25.550227247Z [err]  2025-09-27 17:47:25 +00:00:   digest: '4146592484'
2025-09-27T17:47:25.550231852Z [err]  2025-09-27 17:47:25 +00:00: }
2025-09-27T17:47:25.557940673Z [err]  2025-09-27 17:47:25 +00:00: TypeError: r.includes is not a function
2025-09-27T17:47:25.557950502Z [err]  2025-09-27 17:47:25 +00:00:     at /app/new-nextjs-app/.next/server/app/properties/[id]/page.js:1:36293
2025-09-27T17:47:25.557955509Z [err]  2025-09-27 17:47:25 +00:00:     at Module.d (/app/new-nextjs-app/.next/server/app/properties/[id]/page.js:1:36532) {
2025-09-27T17:47:25.557959785Z [err]  2025-09-27 17:47:25 +00:00:   digest: '924880226'
2025-09-27T17:47:25.557964844Z [err]  2025-09-27 17:47:25 +00:00: }
2025-09-27T17:47:25.584953237Z [err]  2025-09-27 17:47:25 +00:00: TypeError: r.includes is not a function
2025-09-27T17:47:25.584964092Z [err]  2025-09-27 17:47:25 +00:00:     at /app/new-nextjs-app/.next/server/app/properties/[id]/page.js:1:36293
2025-09-27T17:47:25.584971927Z [err]  2025-09-27 17:47:25 +00:00:     at Module.d (/app/new-nextjs-app/.next/server/app/properties/[id]/page.js:1:36532) {
2025-09-27T17:47:25.584978957Z [err]  2025-09-27 17:47:25 +00:00:   digest: '924880226'
2025-09-27T17:47:25.584985753Z [err]  2025-09-27 17:47:25 +00:00: }
2025-09-27T17:47:25.602679935Z [err]  2025-09-27 17:47:25 +00:00:  ⨯ TypeError: r.includes is not a function
2025-09-27T17:47:25.602688928Z [err]  2025-09-27 17:47:25 +00:00:     at /app/new-nextjs-app/.next/server/app/properties/[id]/page.js:1:36293
2025-09-27T17:47:25.602696027Z [err]  2025-09-27 17:47:25 +00:00:     at Module.d (/app/new-nextjs-app/.next/server/app/properties/[id]/page.js:1:36532)
2025-09-27T17:47:25.602702469Z [err]  2025-09-27 17:47:25 +00:00:     at runNextTicks (node:internal/process/task_queues:60:5)
2025-09-27T17:47:25.602708709Z [err]  2025-09-27 17:47:25 +00:00:     at listOnTimeout (node:internal/timers:545:9)
2025-09-27T17:47:25.602715154Z [err]  2025-09-27 17:47:25 +00:00:     at process.processTimers (node:internal/timers:519:7) {
2025-09-27T17:47:25.602723478Z [err]  2025-09-27 17:47:25 +00:00:   digest: '4146592484'
2025-09-27T17:47:25.602733702Z [err]  2025-09-27 17:47:25 +00:00: }
2025-09-27T17:47:25.622196489Z [err]  2025-09-27 17:47:25 +00:00:  ⨯ TypeError: r(...) is not a constructor
2025-09-27T17:47:25.622208762Z [err]  2025-09-27 17:47:25 +00:00:     at /app/node_modules/next/dist/compiled/next-server/pages.runtime.prod.js:14:13131
2025-09-27T17:47:25.622217617Z [err]  2025-09-27 17:47:25 +00:00:     at u (/app/node_modules/next/dist/compiled/next-server/pages.runtime.prod.js:14:13382)
2025-09-27T17:47:25.622227833Z [err]  2025-09-27 17:47:25 +00:00:     at async e3 (/app/node_modules/next/dist/compiled/next-server/pages.runtime.prod.js:31:7193)
2025-09-27T17:47:25.622236781Z [err]  2025-09-27 17:47:25 +00:00:     at async doRender (/app/node_modules/next/dist/server/base-server.js:1393:30)
2025-09-27T17:47:25.622244365Z [err]  2025-09-27 17:47:25 +00:00:     at async cacheEntry.responseCache.get.routeKind (/app/node_modules/next/dist/server/base-server.js:1567:28)
2025-09-27T17:47:25.622251094Z [err]  2025-09-27 17:47:25 +00:00:     at async NextNodeServer.renderToResponseWithComponentsImpl (/app/node_modules/next/dist/server/base-server.js:1475:28)
2025-09-27T17:47:25.622258092Z [err]  2025-09-27 17:47:25 +00:00:     at async NextNodeServer.renderErrorToResponseImpl (/app/node_modules/next/dist/server/base-server.js:2159:24)
2025-09-27T17:47:25.622265444Z [err]  2025-09-27 17:47:25 +00:00:     at async NextNodeServer.renderToResponseImpl (/app/node_modules/next/dist/server/base-server.js:1996:30)
2025-09-27T17:47:25.622272968Z [err]  2025-09-27 17:47:25 +00:00:     at async NextNodeServer.pipeImpl (/app/node_modules/next/dist/server/base-server.js:914:25)
2025-09-27T17:47:25.622279976Z [err]  2025-09-27 17:47:25 +00:00:     at async NextNodeServer.handleCatchallRenderRequest (/app/node_modules/next/dist/server/next-server.js:272:17)
2025-09-27T17:47:25.622288840Z [err]  2025-09-27 17:47:25 +00:00:     at async NextNodeServer.handleRequestImpl (/app/node_modules/next/dist/server/base-server.js:810:17)
2025-09-27T17:47:25.622295831Z [err]  2025-09-27 17:47:25 +00:00:     at async invokeRender (/app/node_modules/next/dist/server/lib/router-server.js:173:21)
2025-09-27T17:47:25.622304225Z [err]  2025-09-27 17:47:25 +00:00:     at async handleRequest (/app/node_modules/next/dist/server/lib/router-server.js:350:24)
2025-09-27T17:47:25.622310680Z [err]  2025-09-27 17:47:25 +00:00:     at async NextCustomServer.requestHandlerImpl [as requestHandler] (/app/node_modules/next/dist/server/lib/router-server.js:374:13)
2025-09-27T17:47:31.449908006Z [inf]  2025-09-27 17:47:31 +00:00: API Usage: {
2025-09-27T17:47:31.449914858Z [inf]  2025-09-27 17:47:31 +00:00:   endpoint: '/icons/icon-144x144.png',
2025-09-27T17:47:31.449984021Z [inf]  2025-09-27 17:47:31 +00:00:   method: 'GET',
2025-09-27T17:47:31.449992047Z [inf]  2025-09-27 17:47:31 +00:00:   timestamp: '2025-09-27T17:47:31.446Z',
2025-09-27T17:47:31.449998448Z [inf]  2025-09-27 17:47:31 +00:00:   userId: 'anonymous',
2025-09-27T17:47:31.450008195Z [inf]  2025-09-27 17:47:31 +00:00:   apiKey: 'none',
2025-09-27T17:47:31.450015787Z [inf]  2025-09-27 17:47:31 +00:00:   ip: '100.64.0.3',
2025-09-27T17:47:31.450021995Z [inf]  2025-09-27 17:47:31 +00:00:   userAgent: 'Mozilla/5.0 (Windows NT 10.0; Win64; x64) AppleWebKit/537.36 (KHTML, like Gecko) Chrome/140.0.0.0 Safari/537.36'
2025-09-27T17:47:31.450027372Z [inf]  2025-09-27 17:47:31 +00:00: }
2025-09-27T17:47:31.511586410Z [inf]  2025-09-27 17:47:31 +00:00: API Usage: {
2025-09-27T17:47:31.511594190Z [inf]  2025-09-27 17:47:31 +00:00:   endpoint: '/manifest.json',
2025-09-27T17:47:31.511598533Z [inf]  2025-09-27 17:47:31 +00:00:   method: 'GET',
2025-09-27T17:47:31.511606850Z [inf]  2025-09-27 17:47:31 +00:00:   timestamp: '2025-09-27T17:47:31.508Z',
2025-09-27T17:47:31.511610884Z [inf]  2025-09-27 17:47:31 +00:00:   userId: 'anonymous',
2025-09-27T17:47:31.511614846Z [inf]  2025-09-27 17:47:31 +00:00:   apiKey: 'none',
2025-09-27T17:47:31.511618919Z [inf]  2025-09-27 17:47:31 +00:00:   ip: '100.64.0.4',
2025-09-27T17:47:31.511622926Z [inf]  2025-09-27 17:47:31 +00:00:   userAgent: 'Mozilla/5.0 (Windows NT 10.0; Win64; x64) AppleWebKit/537.36 (KHTML, like Gecko) Chrome/140.0.0.0 Safari/537.36'
2025-09-27T17:47:31.511628158Z [inf]  2025-09-27 17:47:31 +00:00: }
2025-09-27T17:47:34.851855085Z [inf]  2025-09-27 17:47:34 +00:00: API Usage: {
2025-09-27T17:47:34.851862562Z [inf]  2025-09-27 17:47:34 +00:00:   endpoint: '/properties/68566b6b9b0fdb60e5cbcea4',
2025-09-27T17:47:34.851869494Z [inf]  2025-09-27 17:47:34 +00:00:   method: 'GET',
2025-09-27T17:47:34.851876283Z [inf]  2025-09-27 17:47:34 +00:00:   timestamp: '2025-09-27T17:47:34.819Z',
2025-09-27T17:47:34.851884881Z [inf]  2025-09-27 17:47:34 +00:00:   userId: 'anonymous',
2025-09-27T17:47:34.851891682Z [inf]  2025-09-27 17:47:34 +00:00:   apiKey: 'none',
2025-09-27T17:47:34.851898582Z [inf]  2025-09-27 17:47:34 +00:00:   ip: '100.64.0.3',
2025-09-27T17:47:34.851904987Z [inf]  2025-09-27 17:47:34 +00:00:   userAgent: 'Mozilla/5.0 (Windows NT 10.0; Win64; x64) AppleWebKit/537.36 (KHTML, like Gecko) Chrome/140.0.0.0 Safari/537.36'
2025-09-27T17:47:34.851911417Z [inf]  2025-09-27 17:47:34 +00:00: }
2025-09-27T17:47:34.851918522Z [inf]  2025-09-27 17:47:34 +00:00: Property View: {
2025-09-27T17:47:34.851926001Z [inf]  2025-09-27 17:47:34 +00:00:   propertyId: undefined,
2025-09-27T17:47:34.851932341Z [inf]  2025-09-27 17:47:34 +00:00:   userId: 'anonymous',
2025-09-27T17:47:34.851939076Z [inf]  2025-09-27 17:47:34 +00:00:   timestamp: '2025-09-27T17:47:34.819Z',
2025-09-27T17:47:34.851954189Z [inf]  2025-09-27 17:47:34 +00:00:   ip: '100.64.0.3',
2025-09-27T17:47:34.851960999Z [inf]  2025-09-27 17:47:34 +00:00:   userAgent: 'Mozilla/5.0 (Windows NT 10.0; Win64; x64) AppleWebKit/537.36 (KHTML, like Gecko) Chrome/140.0.0.0 Safari/537.36',
2025-09-27T17:47:34.851967196Z [inf]  2025-09-27 17:47:34 +00:00:   referrer: 'https://www.squarefooot.com/'
2025-09-27T17:47:34.851973963Z [inf]  2025-09-27 17:47:34 +00:00: }
2025-09-27T17:47:35.047265290Z [inf]  2025-09-27 17:47:35 +00:00: API Usage: {
2025-09-27T17:47:35.047269846Z [inf]  2025-09-27 17:47:35 +00:00:   endpoint: '/api/v1/properties/68566b6b9b0fdb60e5cbcea4',
2025-09-27T17:47:35.047274345Z [inf]  2025-09-27 17:47:35 +00:00:   method: 'GET',
2025-09-27T17:47:35.047278674Z [inf]  2025-09-27 17:47:35 +00:00:   timestamp: '2025-09-27T17:47:35.043Z',
2025-09-27T17:47:35.047283591Z [inf]  2025-09-27 17:47:35 +00:00:   userId: 'anonymous',
2025-09-27T17:47:35.047287640Z [inf]  2025-09-27 17:47:35 +00:00:   apiKey: 'none',
2025-09-27T17:47:35.047292230Z [inf]  2025-09-27 17:47:35 +00:00:   ip: '100.64.0.7',
2025-09-27T17:47:35.047295907Z [inf]  2025-09-27 17:47:35 +00:00:   userAgent: 'node'
2025-09-27T17:47:35.047300064Z [inf]  2025-09-27 17:47:35 +00:00: }
2025-09-27T17:47:35.047304687Z [inf]  2025-09-27 17:47:35 +00:00: Property View: {
2025-09-27T17:47:35.047308454Z [inf]  2025-09-27 17:47:35 +00:00:   propertyId: undefined,
2025-09-27T17:47:35.047312693Z [inf]  2025-09-27 17:47:35 +00:00:   userId: 'anonymous',
2025-09-27T17:47:35.047321485Z [inf]  2025-09-27 17:47:35 +00:00:   timestamp: '2025-09-27T17:47:35.043Z',
2025-09-27T17:47:35.047326678Z [inf]  2025-09-27 17:47:35 +00:00:   ip: '100.64.0.7',
2025-09-27T17:47:35.047332702Z [inf]  2025-09-27 17:47:35 +00:00:   userAgent: 'node',
2025-09-27T17:47:35.047338976Z [inf]  2025-09-27 17:47:35 +00:00:   referrer: undefined
2025-09-27T17:47:35.047343698Z [inf]  2025-09-27 17:47:35 +00:00: }
2025-09-27T17:47:35.667081277Z [inf]  2025-09-27 17:47:35 +00:00: {
2025-09-27T17:47:35.667089021Z [inf]  2025-09-27 17:47:35 +00:00:   requestId: 'de6a6306-caf9-4660-b81c-e933ac5b6221',
2025-09-27T17:47:35.667095947Z [inf]  2025-09-27 17:47:35 +00:00:   method: 'GET',
2025-09-27T17:47:35.667103417Z [inf]  2025-09-27 17:47:35 +00:00:   url: '/68566b6b9b0fdb60e5cbcea4',
2025-09-27T17:47:35.667109657Z [inf]  2025-09-27 17:47:35 +00:00:   statusCode: 200,
2025-09-27T17:47:35.667122299Z [inf]  2025-09-27 17:47:35 +00:00:   duration: '589ms',
2025-09-27T17:47:35.667129374Z [inf]  2025-09-27 17:47:35 +00:00:   userAgent: 'node',
2025-09-27T17:47:35.667136423Z [inf]  2025-09-27 17:47:35 +00:00:   ip: '100.64.0.7',
2025-09-27T17:47:35.667143057Z [inf]  2025-09-27 17:47:35 +00:00:   userId: 'anonymous',
2025-09-27T17:47:35.667149167Z [inf]  2025-09-27 17:47:35 +00:00:   timestamp: '2025-09-27T17:47:35.632Z'
2025-09-27T17:47:35.667156724Z [inf]  2025-09-27 17:47:35 +00:00: }
2025-09-27T17:47:35.667164890Z [err]  2025-09-27 17:47:35 +00:00: TypeError: r.includes is not a function
2025-09-27T17:47:35.667171687Z [err]  2025-09-27 17:47:35 +00:00:     at /app/new-nextjs-app/.next/server/app/properties/[id]/page.js:1:36293
2025-09-27T17:47:35.667180281Z [err]  2025-09-27 17:47:35 +00:00:     at Module.d (/app/new-nextjs-app/.next/server/app/properties/[id]/page.js:1:36532) {
2025-09-27T17:47:35.667187299Z [err]  2025-09-27 17:47:35 +00:00:   digest: '924880226'
2025-09-27T17:47:35.667194506Z [err]  2025-09-27 17:47:35 +00:00: }
2025-09-27T17:47:35.667202959Z [err]  2025-09-27 17:47:35 +00:00: TypeError: r.includes is not a function
2025-09-27T17:47:35.667210401Z [err]  2025-09-27 17:47:35 +00:00:     at /app/new-nextjs-app/.next/server/app/properties/[id]/page.js:1:36293
2025-09-27T17:47:35.667217368Z [err]  2025-09-27 17:47:35 +00:00:     at Module.d (/app/new-nextjs-app/.next/server/app/properties/[id]/page.js:1:36532) {
2025-09-27T17:47:35.667224151Z [err]  2025-09-27 17:47:35 +00:00:   digest: '924880226'
2025-09-27T17:47:35.667231532Z [err]  2025-09-27 17:47:35 +00:00: }
2025-09-27T17:47:35.735843688Z [err]  2025-09-27 17:47:35 +00:00: TypeError: r.includes is not a function
2025-09-27T17:47:35.735854180Z [err]  2025-09-27 17:47:35 +00:00:     at /app/new-nextjs-app/.next/server/app/properties/[id]/page.js:1:36293
2025-09-27T17:47:35.735862475Z [err]  2025-09-27 17:47:35 +00:00:     at Module.d (/app/new-nextjs-app/.next/server/app/properties/[id]/page.js:1:36532) {
2025-09-27T17:47:35.735869531Z [err]  2025-09-27 17:47:35 +00:00:   digest: '924880226'
2025-09-27T17:47:35.735877364Z [err]  2025-09-27 17:47:35 +00:00: }
2025-09-27T17:47:35.744349801Z [err]  2025-09-27 17:47:35 +00:00:  ⨯ TypeError: r.includes is not a function
2025-09-27T17:47:35.744357609Z [err]  2025-09-27 17:47:35 +00:00:     at /app/new-nextjs-app/.next/server/app/properties/[id]/page.js:1:36293
2025-09-27T17:47:35.744363328Z [err]  2025-09-27 17:47:35 +00:00:     at Module.d (/app/new-nextjs-app/.next/server/app/properties/[id]/page.js:1:36532) {
2025-09-27T17:47:35.744368114Z [err]  2025-09-27 17:47:35 +00:00:   digest: '924880226'
2025-09-27T17:47:35.744373516Z [err]  2025-09-27 17:47:35 +00:00: }
2025-09-27T17:47:35.747504553Z [err]  2025-09-27 17:47:35 +00:00:  ⨯ TypeError: r(...) is not a constructor
2025-09-27T17:47:35.747510202Z [err]  2025-09-27 17:47:35 +00:00:     at /app/node_modules/next/dist/compiled/next-server/pages.runtime.prod.js:14:13131
2025-09-27T17:47:35.747518153Z [err]  2025-09-27 17:47:35 +00:00:     at u (/app/node_modules/next/dist/compiled/next-server/pages.runtime.prod.js:14:13382)
2025-09-27T17:47:35.747522561Z [err]  2025-09-27 17:47:35 +00:00:     at async e3 (/app/node_modules/next/dist/compiled/next-server/pages.runtime.prod.js:31:7193)
2025-09-27T17:47:35.747528767Z [err]  2025-09-27 17:47:35 +00:00:     at async doRender (/app/node_modules/next/dist/server/base-server.js:1393:30)
2025-09-27T17:47:35.747564439Z [err]  2025-09-27 17:47:35 +00:00:     at async cacheEntry.responseCache.get.routeKind (/app/node_modules/next/dist/server/base-server.js:1567:28)
2025-09-27T17:47:35.747576809Z [err]  2025-09-27 17:47:35 +00:00:     at async NextNodeServer.renderToResponseWithComponentsImpl (/app/node_modules/next/dist/server/base-server.js:1475:28)
2025-09-27T17:47:35.747581306Z [err]  2025-09-27 17:47:35 +00:00:     at async NextNodeServer.renderErrorToResponseImpl (/app/node_modules/next/dist/server/base-server.js:2159:24)
2025-09-27T17:47:35.747588702Z [err]  2025-09-27 17:47:35 +00:00:     at async NextNodeServer.renderToResponseImpl (/app/node_modules/next/dist/server/base-server.js:1996:30)
2025-09-27T17:47:35.747592891Z [err]  2025-09-27 17:47:35 +00:00:     at async NextNodeServer.pipeImpl (/app/node_modules/next/dist/server/base-server.js:914:25)
2025-09-27T17:47:35.747598633Z [err]  2025-09-27 17:47:35 +00:00:     at async NextNodeServer.handleCatchallRenderRequest (/app/node_modules/next/dist/server/next-server.js:272:17)
2025-09-27T17:47:35.747602687Z [err]  2025-09-27 17:47:35 +00:00:     at async NextNodeServer.handleRequestImpl (/app/node_modules/next/dist/server/base-server.js:810:17)
2025-09-27T17:47:35.747606877Z [err]  2025-09-27 17:47:35 +00:00:     at async invokeRender (/app/node_modules/next/dist/server/lib/router-server.js:173:21)
2025-09-27T17:47:35.747613152Z [err]  2025-09-27 17:47:35 +00:00:     at async handleRequest (/app/node_modules/next/dist/server/lib/router-server.js:350:24)
2025-09-27T17:47:35.747617463Z [err]  2025-09-27 17:47:35 +00:00:     at async NextCustomServer.requestHandlerImpl [as requestHandler] (/app/node_modules/next/dist/server/lib/router-server.js:374:13)
2025-09-27T17:47:35.880724700Z [inf]  2025-09-27 17:47:35 +00:00: API Usage: {
2025-09-27T17:47:35.880731445Z [inf]  2025-09-27 17:47:35 +00:00:   endpoint: '/properties/68566b6b9b0fdb60e5cbcea4',
2025-09-27T17:47:35.880738928Z [inf]  2025-09-27 17:47:35 +00:00:   method: 'GET',
2025-09-27T17:47:35.880746035Z [inf]  2025-09-27 17:47:35 +00:00:   timestamp: '2025-09-27T17:47:35.854Z',
2025-09-27T17:47:35.880753595Z [inf]  2025-09-27 17:47:35 +00:00:   userId: 'anonymous',
2025-09-27T17:47:35.880761938Z [inf]  2025-09-27 17:47:35 +00:00:   apiKey: 'none',
2025-09-27T17:47:35.880769279Z [inf]  2025-09-27 17:47:35 +00:00:   ip: '100.64.0.3',
2025-09-27T17:47:35.880776506Z [inf]  2025-09-27 17:47:35 +00:00:   userAgent: 'Mozilla/5.0 (Windows NT 10.0; Win64; x64) AppleWebKit/537.36 (KHTML, like Gecko) Chrome/140.0.0.0 Safari/537.36'
2025-09-27T17:47:35.880783465Z [inf]  2025-09-27 17:47:35 +00:00: }
2025-09-27T17:47:35.880792201Z [inf]  2025-09-27 17:47:35 +00:00: Property View: {
2025-09-27T17:47:35.880799413Z [inf]  2025-09-27 17:47:35 +00:00:   propertyId: undefined,
2025-09-27T17:47:35.880805974Z [inf]  2025-09-27 17:47:35 +00:00:   userId: 'anonymous',
2025-09-27T17:47:35.880813086Z [inf]  2025-09-27 17:47:35 +00:00:   timestamp: '2025-09-27T17:47:35.854Z',
2025-09-27T17:47:35.880819699Z [inf]  2025-09-27 17:47:35 +00:00:   ip: '100.64.0.3',
2025-09-27T17:47:35.880825385Z [inf]  2025-09-27 17:47:35 +00:00:   userAgent: 'Mozilla/5.0 (Windows NT 10.0; Win64; x64) AppleWebKit/537.36 (KHTML, like Gecko) Chrome/140.0.0.0 Safari/537.36',
2025-09-27T17:47:35.880832827Z [inf]  2025-09-27 17:47:35 +00:00:   referrer: 'https://www.squarefooot.com/'
2025-09-27T17:47:35.880838964Z [inf]  2025-09-27 17:47:35 +00:00: }
2025-09-27T17:47:35.880846173Z [err]  2025-09-27 17:47:35 +00:00: TypeError: r.includes is not a function
2025-09-27T17:47:35.880852711Z [err]  2025-09-27 17:47:35 +00:00:     at /app/new-nextjs-app/.next/server/app/properties/[id]/page.js:1:36293
2025-09-27T17:47:35.880859637Z [err]  2025-09-27 17:47:35 +00:00:     at Module.d (/app/new-nextjs-app/.next/server/app/properties/[id]/page.js:1:36532) {
2025-09-27T17:47:35.880866364Z [err]  2025-09-27 17:47:35 +00:00:   digest: '924880226'
2025-09-27T17:47:35.880872462Z [err]  2025-09-27 17:47:35 +00:00: }
2025-09-27T17:47:35.883607550Z [err]  2025-09-27 17:47:35 +00:00: TypeError: r.includes is not a function
2025-09-27T17:47:35.883617590Z [err]  2025-09-27 17:47:35 +00:00:     at /app/new-nextjs-app/.next/server/app/properties/[id]/page.js:1:36293
2025-09-27T17:47:35.883624534Z [err]  2025-09-27 17:47:35 +00:00:     at Module.d (/app/new-nextjs-app/.next/server/app/properties/[id]/page.js:1:36532)
2025-09-27T17:47:35.883630509Z [err]  2025-09-27 17:47:35 +00:00:     at runNextTicks (node:internal/process/task_queues:60:5)
2025-09-27T17:47:35.883636322Z [err]  2025-09-27 17:47:35 +00:00:     at listOnTimeout (node:internal/timers:545:9)
2025-09-27T17:47:35.883645231Z [err]  2025-09-27 17:47:35 +00:00:     at process.processTimers (node:internal/timers:519:7) {
2025-09-27T17:47:35.883657503Z [err]  2025-09-27 17:47:35 +00:00:   digest: '4146592484'
2025-09-27T17:47:35.883663191Z [err]  2025-09-27 17:47:35 +00:00: }
2025-09-27T17:47:35.927609247Z [err]  2025-09-27 17:47:35 +00:00: TypeError: r.includes is not a function
2025-09-27T17:47:35.927624045Z [err]  2025-09-27 17:47:35 +00:00:     at /app/new-nextjs-app/.next/server/app/properties/[id]/page.js:1:36293
2025-09-27T17:47:35.927631741Z [err]  2025-09-27 17:47:35 +00:00:     at Module.d (/app/new-nextjs-app/.next/server/app/properties/[id]/page.js:1:36532)
2025-09-27T17:47:35.927638563Z [err]  2025-09-27 17:47:35 +00:00:     at runNextTicks (node:internal/process/task_queues:60:5)
2025-09-27T17:47:35.927644632Z [err]  2025-09-27 17:47:35 +00:00:     at listOnTimeout (node:internal/timers:545:9)
2025-09-27T17:47:35.927650417Z [err]  2025-09-27 17:47:35 +00:00:     at process.processTimers (node:internal/timers:519:7) {
2025-09-27T17:47:35.927657042Z [err]  2025-09-27 17:47:35 +00:00:   digest: '4146592484'
2025-09-27T17:47:35.927665169Z [err]  2025-09-27 17:47:35 +00:00: }
2025-09-27T17:47:35.946320505Z [err]  2025-09-27 17:47:35 +00:00:  ⨯ TypeError: r.includes is not a function
2025-09-27T17:47:35.946330605Z [err]  2025-09-27 17:47:35 +00:00:     at /app/new-nextjs-app/.next/server/app/properties/[id]/page.js:1:36293
2025-09-27T17:47:35.946337261Z [err]  2025-09-27 17:47:35 +00:00:     at Module.d (/app/new-nextjs-app/.next/server/app/properties/[id]/page.js:1:36532) {
2025-09-27T17:47:35.946343529Z [err]  2025-09-27 17:47:35 +00:00:   digest: '924880226'
2025-09-27T17:47:35.946351197Z [err]  2025-09-27 17:47:35 +00:00: }
2025-09-27T17:47:35.949988305Z [err]  2025-09-27 17:47:35 +00:00:  ⨯ TypeError: r(...) is not a constructor
2025-09-27T17:47:35.949996148Z [err]  2025-09-27 17:47:35 +00:00:     at /app/node_modules/next/dist/compiled/next-server/pages.runtime.prod.js:14:13131
2025-09-27T17:47:35.950000652Z [err]  2025-09-27 17:47:35 +00:00:     at u (/app/node_modules/next/dist/compiled/next-server/pages.runtime.prod.js:14:13382)
2025-09-27T17:47:35.950005322Z [err]  2025-09-27 17:47:35 +00:00:     at async e3 (/app/node_modules/next/dist/compiled/next-server/pages.runtime.prod.js:31:7193)
2025-09-27T17:47:35.950009731Z [err]  2025-09-27 17:47:35 +00:00:     at async doRender (/app/node_modules/next/dist/server/base-server.js:1393:30)
2025-09-27T17:47:35.950014665Z [err]  2025-09-27 17:47:35 +00:00:     at async cacheEntry.responseCache.get.routeKind (/app/node_modules/next/dist/server/base-server.js:1567:28)
2025-09-27T17:47:35.950019636Z [err]  2025-09-27 17:47:35 +00:00:     at async NextNodeServer.renderToResponseWithComponentsImpl (/app/node_modules/next/dist/server/base-server.js:1475:28)
2025-09-27T17:47:35.950024039Z [err]  2025-09-27 17:47:35 +00:00:     at async NextNodeServer.renderErrorToResponseImpl (/app/node_modules/next/dist/server/base-server.js:2159:24)
2025-09-27T17:47:35.950029381Z [err]  2025-09-27 17:47:35 +00:00:     at async NextNodeServer.renderToResponseImpl (/app/node_modules/next/dist/server/base-server.js:1996:30)
2025-09-27T17:47:35.950033547Z [err]  2025-09-27 17:47:35 +00:00:     at async NextNodeServer.pipeImpl (/app/node_modules/next/dist/server/base-server.js:914:25)
2025-09-27T17:47:35.950037818Z [err]  2025-09-27 17:47:35 +00:00:     at async NextNodeServer.handleCatchallRenderRequest (/app/node_modules/next/dist/server/next-server.js:272:17)
2025-09-27T17:47:35.950042583Z [err]  2025-09-27 17:47:35 +00:00:     at async NextNodeServer.handleRequestImpl (/app/node_modules/next/dist/server/base-server.js:810:17)
2025-09-27T17:47:35.950048510Z [err]  2025-09-27 17:47:35 +00:00:     at async invokeRender (/app/node_modules/next/dist/server/lib/router-server.js:173:21)
2025-09-27T17:47:35.950067051Z [err]  2025-09-27 17:47:35 +00:00:     at async handleRequest (/app/node_modules/next/dist/server/lib/router-server.js:350:24)
2025-09-27T17:47:35.950071001Z [err]  2025-09-27 17:47:35 +00:00:     at async NextCustomServer.requestHandlerImpl [as requestHandler] (/app/node_modules/next/dist/server/lib/router-server.js:374:13)
2025-09-27T17:47:38.187335540Z [inf]  2025-09-27 17:47:38 +00:00: API Usage: {
2025-09-27T17:47:38.187343253Z [inf]  2025-09-27 17:47:38 +00:00:   endpoint: '/icons/icon-144x144.png',
2025-09-27T17:47:38.187350569Z [inf]  2025-09-27 17:47:38 +00:00:   method: 'GET',
2025-09-27T17:47:38.187361109Z [inf]  2025-09-27 17:47:38 +00:00:   timestamp: '2025-09-27T17:47:38.164Z',
2025-09-27T17:47:38.187368488Z [inf]  2025-09-27 17:47:38 +00:00:   userId: 'anonymous',
2025-09-27T17:47:38.187376944Z [inf]  2025-09-27 17:47:38 +00:00:   apiKey: 'none',
2025-09-27T17:47:38.187384278Z [inf]  2025-09-27 17:47:38 +00:00:   ip: '100.64.0.3',
2025-09-27T17:47:38.187391505Z [inf]  2025-09-27 17:47:38 +00:00:   userAgent: 'Mozilla/5.0 (Windows NT 10.0; Win64; x64) AppleWebKit/537.36 (KHTML, like Gecko) Chrome/140.0.0.0 Safari/537.36'
2025-09-27T17:47:38.187398735Z [inf]  2025-09-27 17:47:38 +00:00: }
2025-09-27T17:47:40.944723872Z [inf]  2025-09-27 17:47:40 +00:00: API Usage: {
2025-09-27T17:47:40.944728446Z [inf]  2025-09-27 17:47:40 +00:00:   endpoint: '/properties',
2025-09-27T17:47:40.944732439Z [inf]  2025-09-27 17:47:40 +00:00:   method: 'GET',
2025-09-27T17:47:40.944736217Z [inf]  2025-09-27 17:47:40 +00:00:   timestamp: '2025-09-27T17:47:40.941Z',
2025-09-27T17:47:40.944740828Z [inf]  2025-09-27 17:47:40 +00:00:   userId: 'anonymous',
2025-09-27T17:47:40.944745263Z [inf]  2025-09-27 17:47:40 +00:00:   apiKey: 'none',
2025-09-27T17:47:40.944749403Z [inf]  2025-09-27 17:47:40 +00:00:   ip: '100.64.0.3',
2025-09-27T17:47:40.944753043Z [inf]  2025-09-27 17:47:40 +00:00:   userAgent: 'Mozilla/5.0 (Windows NT 10.0; Win64; x64) AppleWebKit/537.36 (KHTML, like Gecko) Chrome/140.0.0.0 Safari/537.36'
2025-09-27T17:47:40.944757079Z [inf]  2025-09-27 17:47:40 +00:00: }
2025-09-27T17:47:40.971677870Z [inf]  2025-09-27 17:47:40 +00:00: API Usage: {
2025-09-27T17:47:40.971688863Z [inf]  2025-09-27 17:47:40 +00:00:   endpoint: '/api/v1/api/properties',
2025-09-27T17:47:40.971696575Z [inf]  2025-09-27 17:47:40 +00:00:   method: 'GET',
2025-09-27T17:47:40.971704432Z [inf]  2025-09-27 17:47:40 +00:00:   timestamp: '2025-09-27T17:47:40.966Z',
2025-09-27T17:47:40.971711261Z [inf]  2025-09-27 17:47:40 +00:00:   userId: 'anonymous',
2025-09-27T17:47:40.971720001Z [inf]  2025-09-27 17:47:40 +00:00:   apiKey: 'none',
2025-09-27T17:47:40.971728128Z [inf]  2025-09-27 17:47:40 +00:00:   ip: '100.64.0.7',
2025-09-27T17:47:40.971736209Z [inf]  2025-09-27 17:47:40 +00:00:   userAgent: 'node'
2025-09-27T17:47:40.971743742Z [inf]  2025-09-27 17:47:40 +00:00: }
2025-09-27T17:53:21.155914264Z [inf]  2025-09-27 17:53:13 +00:00: API Usage: {
2025-09-27T17:53:21.155921636Z [inf]  2025-09-27 17:53:13 +00:00:   endpoint: '/',
2025-09-27T17:53:21.155928586Z [inf]  2025-09-27 17:53:13 +00:00:   method: 'GET',
2025-09-27T17:53:21.155935490Z [inf]  2025-09-27 17:53:13 +00:00:   timestamp: '2025-09-27T17:53:13.099Z',
2025-09-27T17:53:21.155942538Z [inf]  2025-09-27 17:53:13 +00:00:   userId: 'anonymous',
2025-09-27T17:53:21.155949615Z [inf]  2025-09-27 17:53:13 +00:00:   apiKey: 'none',
2025-09-27T17:53:21.155957103Z [inf]  2025-09-27 17:53:13 +00:00:   ip: '100.64.0.8',
2025-09-27T17:53:21.155964785Z [inf]  2025-09-27 17:53:13 +00:00:   userAgent: 'Mozilla/5.0 (iPhone; CPU iPhone OS 13_2_3 like Mac OS X) AppleWebKit/605.1.15 (KHTML, like Gecko) Version/13.0.3 Mobile/15E148 Safari/604.1'
2025-09-27T17:53:21.155972460Z [inf]  2025-09-27 17:53:13 +00:00: }
2025-09-27T17:56:11.255896608Z [inf]  2025-09-27 17:56:01 +00:00: API Usage: {
2025-09-27T17:56:11.255903659Z [inf]  2025-09-27 17:56:01 +00:00:   endpoint: '/',
2025-09-27T17:56:11.255909788Z [inf]  2025-09-27 17:56:01 +00:00:   method: 'GET',
2025-09-27T17:56:11.255916724Z [inf]  2025-09-27 17:56:01 +00:00:   timestamp: '2025-09-27T17:56:01.689Z',
2025-09-27T17:56:11.255931217Z [inf]  2025-09-27 17:56:01 +00:00:   userId: 'anonymous',
2025-09-27T17:56:11.255938849Z [inf]  2025-09-27 17:56:01 +00:00:   apiKey: 'none',
2025-09-27T17:56:11.255945633Z [inf]  2025-09-27 17:56:01 +00:00:   ip: '100.64.0.9',
2025-09-27T17:56:11.255951944Z [inf]  2025-09-27 17:56:01 +00:00:   userAgent: 'Mozilla/5.0 (X11; Ubuntu; Linux x86_64; rv:134.0) Gecko/20100101 Firefox/134.0'
2025-09-27T17:56:11.255958239Z [inf]  2025-09-27 17:56:01 +00:00: }
2025-09-27T18:01:21.481526530Z [inf]  2025-09-27 18:01:12 +00:00: API Usage: {
2025-09-27T18:01:21.481530690Z [inf]  2025-09-27 18:01:12 +00:00:   endpoint: '/',
2025-09-27T18:01:21.481535966Z [inf]  2025-09-27 18:01:12 +00:00:   method: 'GET',
2025-09-27T18:01:21.481539967Z [inf]  2025-09-27 18:01:12 +00:00:   timestamp: '2025-09-27T18:01:12.331Z',
2025-09-27T18:01:21.481544032Z [inf]  2025-09-27 18:01:12 +00:00:   userId: 'anonymous',
2025-09-27T18:01:21.481547970Z [inf]  2025-09-27 18:01:12 +00:00:   apiKey: 'none',
2025-09-27T18:01:21.481552459Z [inf]  2025-09-27 18:01:12 +00:00:   ip: '100.64.0.10',
2025-09-27T18:01:21.481557329Z [inf]  2025-09-27 18:01:12 +00:00:   userAgent: 'Mozilla/5.0 (X11; Ubuntu; Linux x86_64; rv:134.0) Gecko/20100101 Firefox/134.0'
2025-09-27T18:01:21.481561319Z [inf]  2025-09-27 18:01:12 +00:00: }
2025-09-27T18:03:41.525721079Z [inf]  2025-09-27 18:03:35 +00:00: API Usage: {
2025-09-27T18:03:41.525733459Z [inf]  2025-09-27 18:03:35 +00:00:   endpoint: '/favicon.ico',
2025-09-27T18:03:41.525741158Z [inf]  2025-09-27 18:03:35 +00:00:   method: 'GET',
2025-09-27T18:03:41.525746852Z [inf]  2025-09-27 18:03:35 +00:00:   timestamp: '2025-09-27T18:03:35.807Z',
2025-09-27T18:03:41.525752783Z [inf]  2025-09-27 18:03:35 +00:00:   userId: 'anonymous',
2025-09-27T18:03:41.525762573Z [inf]  2025-09-27 18:03:35 +00:00:   apiKey: 'none',
2025-09-27T18:03:41.525768863Z [inf]  2025-09-27 18:03:35 +00:00:   ip: '100.64.0.11',
2025-09-27T18:03:41.525774688Z [inf]  2025-09-27 18:03:35 +00:00:   userAgent: 'Mozilla/5.0 (X11; Ubuntu; Linux x86_64; rv:134.0) Gecko/20100101 Firefox/134.0'
2025-09-27T18:03:41.525779540Z [inf]  2025-09-27 18:03:35 +00:00: }