layout-0430d0f3e90f700d.js:1 Uncaught TypeError: t.target.closest is not a function
    at HTMLDocument.<anonymous> (layout-0430d0f3e90f700d.js:1:32523)
(anonymous) @ layout-0430d0f3e90f700d.js:1
layout-0430d0f3e90f700d.js:1 Uncaught TypeError: t.target.closest is not a function
    at HTMLDocument.<anonymous> (layout-0430d0f3e90f700d.js:1:32523)
(anonymous) @ layout-0430d0f3e90f700d.js:1
layout-0430d0f3e90f700d.js:1 Uncaught TypeError: t.target.closest is not a function
    at HTMLDocument.<anonymous> (layout-0430d0f3e90f700d.js:1:32523)
(anonymous) @ layout-0430d0f3e90f700d.js:1
layout-0430d0f3e90f700d.js:1 Uncaught TypeError: t.target.closest is not a function
    at HTMLDocument.<anonymous> (layout-0430d0f3e90f700d.js:1:32523)
(anonymous) @ layout-0430d0f3e90f700d.js:1
layout-0430d0f3e90f700d.js:1 Uncaught TypeError: t.target.closest is not a function
    at HTMLDocument.<anonymous> (layout-0430d0f3e90f700d.js:1:32523)
(anonymous) @ layout-0430d0f3e90f700d.js:1
vendor-85d0383069f189da.js:28 Fetch finished loading: GET "https://www.squarefooot.com/register?_rsc=13mc5".
c @ vendor-85d0383069f189da.js:28
(anonymous) @ vendor-85d0383069f189da.js:28
o @ vendor-85d0383069f189da.js:28
c @ vendor-85d0383069f189da.js:28
enqueue @ vendor-85d0383069f189da.js:28
c @ vendor-85d0383069f189da.js:28
s @ vendor-85d0383069f189da.js:28
l @ vendor-85d0383069f189da.js:28
d @ vendor-85d0383069f189da.js:28
action @ vendor-85d0383069f189da.js:29
u @ vendor-85d0383069f189da.js:29
(anonymous) @ vendor-85d0383069f189da.js:29
dispatch @ vendor-85d0383069f189da.js:29
(anonymous) @ vendor-85d0383069f189da.js:28
(anonymous) @ vendor-85d0383069f189da.js:28
t.startTransition @ vendor-85d0383069f189da.js:29
prefetch @ vendor-85d0383069f189da.js:28
(anonymous) @ vendor-85d0383069f189da.js:28
y @ vendor-85d0383069f189da.js:28
onMouseEnter @ vendor-85d0383069f189da.js:28
oT @ vendor-85d0383069f189da.js:29
oZ @ vendor-85d0383069f189da.js:29
(anonymous) @ vendor-85d0383069f189da.js:29
uR @ vendor-85d0383069f189da.js:29
uA @ vendor-85d0383069f189da.js:29
(anonymous) @ vendor-85d0383069f189da.js:29
a6 @ vendor-85d0383069f189da.js:29
lB @ vendor-85d0383069f189da.js:29
uz @ vendor-85d0383069f189da.js:29
sI @ vendor-85d0383069f189da.js:29
sL @ vendor-85d0383069f189da.js:29
layout-0430d0f3e90f700d.js:1 Uncaught TypeError: t.target.closest is not a function
    at HTMLDocument.<anonymous> (layout-0430d0f3e90f700d.js:1:32523)
(anonymous) @ layout-0430d0f3e90f700d.js:1
layout-0430d0f3e90f700d.js:1 Uncaught TypeError: t.target.closest is not a function
    at HTMLDocument.<anonymous> (layout-0430d0f3e90f700d.js:1:32523)
(anonymous) @ layout-0430d0f3e90f700d.js:1
layout-0430d0f3e90f700d.js:1 Uncaught TypeError: t.target.closest is not a function
    at HTMLDocument.<anonymous> (layout-0430d0f3e90f700d.js:1:32523)
(anonymous) @ layout-0430d0f3e90f700d.js:1
layout-0430d0f3e90f700d.js:1 Uncaught TypeError: t.target.closest is not a function
    at HTMLDocument.<anonymous> (layout-0430d0f3e90f700d.js:1:32523)
(anonymous) @ layout-0430d0f3e90f700d.js:1
layout-0430d0f3e90f700d.js:1 Uncaught TypeError: t.target.closest is not a function
    at HTMLDocument.<anonymous> (layout-0430d0f3e90f700d.js:1:32523)
(anonymous) @ layout-0430d0f3e90f700d.js:1
vendor-85d0383069f189da.js:28 Fetch finished loading: GET "https://www.squarefooot.com/login?_rsc=13mc5".
c @ vendor-85d0383069f189da.js:28
(anonymous) @ vendor-85d0383069f189da.js:28
o @ vendor-85d0383069f189da.js:28
c @ vendor-85d0383069f189da.js:28
enqueue @ vendor-85d0383069f189da.js:28
c @ vendor-85d0383069f189da.js:28
s @ vendor-85d0383069f189da.js:28
l @ vendor-85d0383069f189da.js:28
d @ vendor-85d0383069f189da.js:28
action @ vendor-85d0383069f189da.js:29
u @ vendor-85d0383069f189da.js:29
(anonymous) @ vendor-85d0383069f189da.js:29
dispatch @ vendor-85d0383069f189da.js:29
(anonymous) @ vendor-85d0383069f189da.js:28
(anonymous) @ vendor-85d0383069f189da.js:28
t.startTransition @ vendor-85d0383069f189da.js:29
prefetch @ vendor-85d0383069f189da.js:28
(anonymous) @ vendor-85d0383069f189da.js:28
y @ vendor-85d0383069f189da.js:28
onMouseEnter @ vendor-85d0383069f189da.js:28
oT @ vendor-85d0383069f189da.js:29
oZ @ vendor-85d0383069f189da.js:29
(anonymous) @ vendor-85d0383069f189da.js:29
uR @ vendor-85d0383069f189da.js:29
uA @ vendor-85d0383069f189da.js:29
(anonymous) @ vendor-85d0383069f189da.js:29
a6 @ vendor-85d0383069f189da.js:29
lB @ vendor-85d0383069f189da.js:29
uz @ vendor-85d0383069f189da.js:29
sI @ vendor-85d0383069f189da.js:29
sL @ vendor-85d0383069f189da.js:29
layout-0430d0f3e90f700d.js:1 Uncaught TypeError: t.target.closest is not a function
    at HTMLDocument.<anonymous> (layout-0430d0f3e90f700d.js:1:32523)
(anonymous) @ layout-0430d0f3e90f700d.js:1
layout-0430d0f3e90f700d.js:1 Uncaught TypeError: t.target.closest is not a function
    at HTMLDocument.<anonymous> (layout-0430d0f3e90f700d.js:1:32523)
(anonymous) @ layout-0430d0f3e90f700d.js:1
layout-0430d0f3e90f700d.js:1 Uncaught TypeError: t.target.closest is not a function
    at HTMLDocument.<anonymous> (layout-0430d0f3e90f700d.js:1:32523)
(anonymous) @ layout-0430d0f3e90f700d.js:1
layout-0430d0f3e90f700d.js:1 Uncaught TypeError: t.target.closest is not a function
    at HTMLDocument.<anonymous> (layout-0430d0f3e90f700d.js:1:32523)
(anonymous) @ layout-0430d0f3e90f700d.js:1
layout-0430d0f3e90f700d.js:1 Uncaught TypeError: t.target.closest is not a function
    at HTMLDocument.<anonymous> (layout-0430d0f3e90f700d.js:1:32523)
(anonymous) @ layout-0430d0f3e90f700d.js:1
Navigated to https://www.squarefooot.com/login
login:9 LCP: 400
vendor-85d0383069f189da.js:29 Uncaught Error: Minified React error #418; visit https://react.dev/errors/418 for the full message or use the non-minified dev environment for full errors and additional helpful warnings.
    at t7 (vendor-85d0383069f189da.js:29:377062)
    at lQ (vendor-85d0383069f189da.js:29:472927)
    at la (vendor-85d0383069f189da.js:29:447554)
    at vendor-85d0383069f189da.js:29:443480
    at vendor-85d0383069f189da.js:29:443487
    at a0 (vendor-85d0383069f189da.js:29:443592)
    at MessagePort._ (vendor-85d0383069f189da.js:28:379093)
t7 @ vendor-85d0383069f189da.js:29
lQ @ vendor-85d0383069f189da.js:29
la @ vendor-85d0383069f189da.js:29
(anonymous) @ vendor-85d0383069f189da.js:29
(anonymous) @ vendor-85d0383069f189da.js:29
a0 @ vendor-85d0383069f189da.js:29
_ @ vendor-85d0383069f189da.js:28
vendor-85d0383069f189da.js:29 Uncaught Error: Minified React error #418; visit https://react.dev/errors/418 for the full message or use the non-minified dev environment for full errors and additional helpful warnings.
    at t7 (vendor-85d0383069f189da.js:29:377062)
    at lQ (vendor-85d0383069f189da.js:29:472927)
    at la (vendor-85d0383069f189da.js:29:447554)
    at vendor-85d0383069f189da.js:29:443480
    at vendor-85d0383069f189da.js:29:443487
    at a0 (vendor-85d0383069f189da.js:29:443592)
    at MessagePort._ (vendor-85d0383069f189da.js:28:379093)
t7 @ vendor-85d0383069f189da.js:29
lQ @ vendor-85d0383069f189da.js:29
la @ vendor-85d0383069f189da.js:29
(anonymous) @ vendor-85d0383069f189da.js:29
(anonymous) @ vendor-85d0383069f189da.js:29
a0 @ vendor-85d0383069f189da.js:29
_ @ vendor-85d0383069f189da.js:28
vendor-85d0383069f189da.js:29 Uncaught Error: Minified React error #418; visit https://react.dev/errors/418 for the full message or use the non-minified dev environment for full errors and additional helpful warnings.
    at t7 (vendor-85d0383069f189da.js:29:377062)
    at lQ (vendor-85d0383069f189da.js:29:472927)
    at la (vendor-85d0383069f189da.js:29:447554)
    at vendor-85d0383069f189da.js:29:443480
    at vendor-85d0383069f189da.js:29:443487
    at a0 (vendor-85d0383069f189da.js:29:443592)
    at MessagePort._ (vendor-85d0383069f189da.js:28:379093)
t7 @ vendor-85d0383069f189da.js:29
lQ @ vendor-85d0383069f189da.js:29
la @ vendor-85d0383069f189da.js:29
(anonymous) @ vendor-85d0383069f189da.js:29
(anonymous) @ vendor-85d0383069f189da.js:29
a0 @ vendor-85d0383069f189da.js:29
_ @ vendor-85d0383069f189da.js:28
vendor-85d0383069f189da.js:29 Uncaught Error: Minified React error #418; visit https://react.dev/errors/418 for the full message or use the non-minified dev environment for full errors and additional helpful warnings.
    at t7 (vendor-85d0383069f189da.js:29:377062)
    at lQ (vendor-85d0383069f189da.js:29:472927)
    at la (vendor-85d0383069f189da.js:29:447554)
    at vendor-85d0383069f189da.js:29:443480
    at vendor-85d0383069f189da.js:29:443487
    at a0 (vendor-85d0383069f189da.js:29:443592)
    at MessagePort._ (vendor-85d0383069f189da.js:28:379093)
t7 @ vendor-85d0383069f189da.js:29
lQ @ vendor-85d0383069f189da.js:29
la @ vendor-85d0383069f189da.js:29
(anonymous) @ vendor-85d0383069f189da.js:29
(anonymous) @ vendor-85d0383069f189da.js:29
a0 @ vendor-85d0383069f189da.js:29
_ @ vendor-85d0383069f189da.js:28
vendor-85d0383069f189da.js:29 Uncaught Error: Minified React error #423; visit https://react.dev/errors/423 for the full message or use the non-minified dev environment for full errors and additional helpful warnings.
    at lQ (vendor-85d0383069f189da.js:29:470741)
    at la (vendor-85d0383069f189da.js:29:447554)
    at vendor-85d0383069f189da.js:29:447376
    at lo (vendor-85d0383069f189da.js:29:447383)
    at a1 (vendor-85d0383069f189da.js:29:444739)
    at a0 (vendor-85d0383069f189da.js:29:444158)
    at MessagePort._ (vendor-85d0383069f189da.js:28:379093)
lQ @ vendor-85d0383069f189da.js:29
la @ vendor-85d0383069f189da.js:29
(anonymous) @ vendor-85d0383069f189da.js:29
lo @ vendor-85d0383069f189da.js:29
a1 @ vendor-85d0383069f189da.js:29
a0 @ vendor-85d0383069f189da.js:29
_ @ vendor-85d0383069f189da.js:28
favicon.ico:1  GET https://www.squarefooot.com/favicon.ico 404 (Not Found)
vendor-85d0383069f189da.js:28 Fetch failed loading: GET "https://www.squarefooot.com/properties?_rsc=7khhj".
c @ vendor-85d0383069f189da.js:28
(anonymous) @ vendor-85d0383069f189da.js:28
o @ vendor-85d0383069f189da.js:28
c @ vendor-85d0383069f189da.js:28
enqueue @ vendor-85d0383069f189da.js:28
c @ vendor-85d0383069f189da.js:28
s @ vendor-85d0383069f189da.js:28
l @ vendor-85d0383069f189da.js:28
d @ vendor-85d0383069f189da.js:28
action @ vendor-85d0383069f189da.js:29
u @ vendor-85d0383069f189da.js:29
s @ vendor-85d0383069f189da.js:29
u @ vendor-85d0383069f189da.js:29
Promise.then
u @ vendor-85d0383069f189da.js:29
(anonymous) @ vendor-85d0383069f189da.js:29
dispatch @ vendor-85d0383069f189da.js:29
(anonymous) @ vendor-85d0383069f189da.js:28
(anonymous) @ vendor-85d0383069f189da.js:28
t.startTransition @ vendor-85d0383069f189da.js:29
prefetch @ vendor-85d0383069f189da.js:28
(anonymous) @ vendor-85d0383069f189da.js:28
y @ vendor-85d0383069f189da.js:28
(anonymous) @ vendor-85d0383069f189da.js:28
oq @ vendor-85d0383069f189da.js:29
an @ vendor-85d0383069f189da.js:29
aa @ vendor-85d0383069f189da.js:29
ao @ vendor-85d0383069f189da.js:29
aa @ vendor-85d0383069f189da.js:29
ao @ vendor-85d0383069f189da.js:29
aa @ vendor-85d0383069f189da.js:29
ao @ vendor-85d0383069f189da.js:29
aa @ vendor-85d0383069f189da.js:29
ao @ vendor-85d0383069f189da.js:29
aa @ vendor-85d0383069f189da.js:29
ao @ vendor-85d0383069f189da.js:29
aa @ vendor-85d0383069f189da.js:29
ao @ vendor-85d0383069f189da.js:29
aa @ vendor-85d0383069f189da.js:29
ao @ vendor-85d0383069f189da.js:29
aa @ vendor-85d0383069f189da.js:29
ao @ vendor-85d0383069f189da.js:29
aa @ vendor-85d0383069f189da.js:29
ao @ vendor-85d0383069f189da.js:29
aa @ vendor-85d0383069f189da.js:29
ao @ vendor-85d0383069f189da.js:29
aa @ vendor-85d0383069f189da.js:29
ao @ vendor-85d0383069f189da.js:29
aa @ vendor-85d0383069f189da.js:29
ao @ vendor-85d0383069f189da.js:29
aa @ vendor-85d0383069f189da.js:29
ao @ vendor-85d0383069f189da.js:29
aa @ vendor-85d0383069f189da.js:29
ao @ vendor-85d0383069f189da.js:29
aa @ vendor-85d0383069f189da.js:29
ao @ vendor-85d0383069f189da.js:29
aa @ vendor-85d0383069f189da.js:29
ao @ vendor-85d0383069f189da.js:29
aa @ vendor-85d0383069f189da.js:29
ao @ vendor-85d0383069f189da.js:29
aa @ vendor-85d0383069f189da.js:29
ao @ vendor-85d0383069f189da.js:29
aa @ vendor-85d0383069f189da.js:29
ao @ vendor-85d0383069f189da.js:29
aa @ vendor-85d0383069f189da.js:29
ao @ vendor-85d0383069f189da.js:29
aa @ vendor-85d0383069f189da.js:29
ao @ vendor-85d0383069f189da.js:29
aa @ vendor-85d0383069f189da.js:29
ao @ vendor-85d0383069f189da.js:29
aa @ vendor-85d0383069f189da.js:29
ao @ vendor-85d0383069f189da.js:29
aa @ vendor-85d0383069f189da.js:29
ao @ vendor-85d0383069f189da.js:29
aa @ vendor-85d0383069f189da.js:29
ao @ vendor-85d0383069f189da.js:29
aa @ vendor-85d0383069f189da.js:29
ao @ vendor-85d0383069f189da.js:29
aa @ vendor-85d0383069f189da.js:29
ao @ vendor-85d0383069f189da.js:29
aa @ vendor-85d0383069f189da.js:29
ao @ vendor-85d0383069f189da.js:29
aa @ vendor-85d0383069f189da.js:29
ao @ vendor-85d0383069f189da.js:29
aa @ vendor-85d0383069f189da.js:29
ao @ vendor-85d0383069f189da.js:29
aa @ vendor-85d0383069f189da.js:29
ao @ vendor-85d0383069f189da.js:29
aa @ vendor-85d0383069f189da.js:29
ao @ vendor-85d0383069f189da.js:29
aa @ vendor-85d0383069f189da.js:29
ao @ vendor-85d0383069f189da.js:29
aa @ vendor-85d0383069f189da.js:29
ao @ vendor-85d0383069f189da.js:29
aa @ vendor-85d0383069f189da.js:29
ao @ vendor-85d0383069f189da.js:29
aa @ vendor-85d0383069f189da.js:29
ao @ vendor-85d0383069f189da.js:29
aa @ vendor-85d0383069f189da.js:29
ao @ vendor-85d0383069f189da.js:29
aa @ vendor-85d0383069f189da.js:29
ao @ vendor-85d0383069f189da.js:29
aa @ vendor-85d0383069f189da.js:29
ao @ vendor-85d0383069f189da.js:29
aa @ vendor-85d0383069f189da.js:29
ao @ vendor-85d0383069f189da.js:29
aa @ vendor-85d0383069f189da.js:29
ao @ vendor-85d0383069f189da.js:29
aa @ vendor-85d0383069f189da.js:29
ao @ vendor-85d0383069f189da.js:29
aa @ vendor-85d0383069f189da.js:29
ao @ vendor-85d0383069f189da.js:29
aa @ vendor-85d0383069f189da.js:29
ao @ vendor-85d0383069f189da.js:29
aa @ vendor-85d0383069f189da.js:29
ao @ vendor-85d0383069f189da.js:29
aa @ vendor-85d0383069f189da.js:29
ao @ vendor-85d0383069f189da.js:29
aa @ vendor-85d0383069f189da.js:29
ao @ vendor-85d0383069f189da.js:29
aa @ vendor-85d0383069f189da.js:29
ao @ vendor-85d0383069f189da.js:29
aa @ vendor-85d0383069f189da.js:29
ao @ vendor-85d0383069f189da.js:29
aa @ vendor-85d0383069f189da.js:29
ao @ vendor-85d0383069f189da.js:29
aa @ vendor-85d0383069f189da.js:29
ao @ vendor-85d0383069f189da.js:29
aa @ vendor-85d0383069f189da.js:29
ao @ vendor-85d0383069f189da.js:29
aa @ vendor-85d0383069f189da.js:29
ao @ vendor-85d0383069f189da.js:29
aa @ vendor-85d0383069f189da.js:29
ao @ vendor-85d0383069f189da.js:29
aa @ vendor-85d0383069f189da.js:29
ao @ vendor-85d0383069f189da.js:29
aa @ vendor-85d0383069f189da.js:29
lf @ vendor-85d0383069f189da.js:29
a @ vendor-85d0383069f189da.js:29
_ @ vendor-85d0383069f189da.js:28
Fetch finished loading: GET "<URL>".
Fetch finished loading: GET "<URL>".
Fetch finished loading: GET "<URL>".
Fetch finished loading: GET "<URL>".
Fetch finished loading: GET "<URL>".
Fetch finished loading: GET "<URL>".
Fetch finished loading: GET "<URL>".
Fetch finished loading: GET "<URL>".
Fetch finished loading: GET "<URL>".
Fetch finished loading: GET "<URL>".
Fetch finished loading: GET "<URL>".
Fetch finished loading: GET "<URL>".
Fetch finished loading: GET "<URL>".
Fetch finished loading: GET "<URL>".
Fetch finished loading: GET "<URL>".
Fetch finished loading: GET "<URL>".
login:16 FID: 3.399999976158142
vendor-85d0383069f189da.js:29 XHR finished loading: POST "https://www.squarefooot.com/api/v1/auth/login".
(anonymous) @ vendor-85d0383069f189da.js:29
xhr @ vendor-85d0383069f189da.js:29
tr @ vendor-85d0383069f189da.js:29
Promise.then
_request @ vendor-85d0383069f189da.js:29
request @ vendor-85d0383069f189da.js:29
(anonymous) @ vendor-85d0383069f189da.js:29
(anonymous) @ vendor-85d0383069f189da.js:29
login @ common-da01ee9d6c5cb44c.js:1
mutationFn @ common-da01ee9d6c5cb44c.js:1
fn @ vendor-85d0383069f189da.js:29
y @ vendor-85d0383069f189da.js:29
start @ vendor-85d0383069f189da.js:29
execute @ vendor-85d0383069f189da.js:29
await in execute
mutate @ vendor-85d0383069f189da.js:29
(anonymous) @ common-da01ee9d6c5cb44c.js:1
M @ page-181623f2d16c4407.js:1
(anonymous) @ vendor-85d0383069f189da.js:29
await in (anonymous)
oT @ vendor-85d0383069f189da.js:29
oZ @ vendor-85d0383069f189da.js:29
(anonymous) @ vendor-85d0383069f189da.js:29
uR @ vendor-85d0383069f189da.js:29
uA @ vendor-85d0383069f189da.js:29
(anonymous) @ vendor-85d0383069f189da.js:29
a6 @ vendor-85d0383069f189da.js:29
lB @ vendor-85d0383069f189da.js:29
uz @ vendor-85d0383069f189da.js:29
sI @ vendor-85d0383069f189da.js:29
sA @ vendor-85d0383069f189da.js:29
vendor-85d0383069f189da.js:29  GET https://www.squarefooot.com/api/v1/auth/me 401 (Unauthorized)
(anonymous) @ vendor-85d0383069f189da.js:29
xhr @ vendor-85d0383069f189da.js:29
tr @ vendor-85d0383069f189da.js:29
Promise.then
_request @ vendor-85d0383069f189da.js:29
request @ vendor-85d0383069f189da.js:29
tu.<computed> @ vendor-85d0383069f189da.js:29
(anonymous) @ vendor-85d0383069f189da.js:29
profile @ common-da01ee9d6c5cb44c.js:1
queryFn @ common-da01ee9d6c5cb44c.js:1
a @ vendor-85d0383069f189da.js:29
y @ vendor-85d0383069f189da.js:29
start @ vendor-85d0383069f189da.js:29
fetch @ vendor-85d0383069f189da.js:29
#H @ vendor-85d0383069f189da.js:29
setOptions @ vendor-85d0383069f189da.js:29
(anonymous) @ vendor-85d0383069f189da.js:29
oq @ vendor-85d0383069f189da.js:29
an @ vendor-85d0383069f189da.js:29
aa @ vendor-85d0383069f189da.js:29
ao @ vendor-85d0383069f189da.js:29
aa @ vendor-85d0383069f189da.js:29
ao @ vendor-85d0383069f189da.js:29
aa @ vendor-85d0383069f189da.js:29
ao @ vendor-85d0383069f189da.js:29
aa @ vendor-85d0383069f189da.js:29
ao @ vendor-85d0383069f189da.js:29
aa @ vendor-85d0383069f189da.js:29
ao @ vendor-85d0383069f189da.js:29
aa @ vendor-85d0383069f189da.js:29
ao @ vendor-85d0383069f189da.js:29
aa @ vendor-85d0383069f189da.js:29
ao @ vendor-85d0383069f189da.js:29
aa @ vendor-85d0383069f189da.js:29
ao @ vendor-85d0383069f189da.js:29
aa @ vendor-85d0383069f189da.js:29
ao @ vendor-85d0383069f189da.js:29
aa @ vendor-85d0383069f189da.js:29
ao @ vendor-85d0383069f189da.js:29
aa @ vendor-85d0383069f189da.js:29
ao @ vendor-85d0383069f189da.js:29
aa @ vendor-85d0383069f189da.js:29
ao @ vendor-85d0383069f189da.js:29
aa @ vendor-85d0383069f189da.js:29
ao @ vendor-85d0383069f189da.js:29
aa @ vendor-85d0383069f189da.js:29
ao @ vendor-85d0383069f189da.js:29
aa @ vendor-85d0383069f189da.js:29
ao @ vendor-85d0383069f189da.js:29
aa @ vendor-85d0383069f189da.js:29
ao @ vendor-85d0383069f189da.js:29
aa @ vendor-85d0383069f189da.js:29
ao @ vendor-85d0383069f189da.js:29
aa @ vendor-85d0383069f189da.js:29
ao @ vendor-85d0383069f189da.js:29
aa @ vendor-85d0383069f189da.js:29
ao @ vendor-85d0383069f189da.js:29
aa @ vendor-85d0383069f189da.js:29
ao @ vendor-85d0383069f189da.js:29
aa @ vendor-85d0383069f189da.js:29
ao @ vendor-85d0383069f189da.js:29
aa @ vendor-85d0383069f189da.js:29
ao @ vendor-85d0383069f189da.js:29
aa @ vendor-85d0383069f189da.js:29
ao @ vendor-85d0383069f189da.js:29
aa @ vendor-85d0383069f189da.js:29
ao @ vendor-85d0383069f189da.js:29
aa @ vendor-85d0383069f189da.js:29
ao @ vendor-85d0383069f189da.js:29
aa @ vendor-85d0383069f189da.js:29
ao @ vendor-85d0383069f189da.js:29
aa @ vendor-85d0383069f189da.js:29
ao @ vendor-85d0383069f189da.js:29
aa @ vendor-85d0383069f189da.js:29
ao @ vendor-85d0383069f189da.js:29
aa @ vendor-85d0383069f189da.js:29
ao @ vendor-85d0383069f189da.js:29
aa @ vendor-85d0383069f189da.js:29
ao @ vendor-85d0383069f189da.js:29
aa @ vendor-85d0383069f189da.js:29
ao @ vendor-85d0383069f189da.js:29
aa @ vendor-85d0383069f189da.js:29
ao @ vendor-85d0383069f189da.js:29
aa @ vendor-85d0383069f189da.js:29
ao @ vendor-85d0383069f189da.js:29
aa @ vendor-85d0383069f189da.js:29
ao @ vendor-85d0383069f189da.js:29
aa @ vendor-85d0383069f189da.js:29
ao @ vendor-85d0383069f189da.js:29
aa @ vendor-85d0383069f189da.js:29
ao @ vendor-85d0383069f189da.js:29
aa @ vendor-85d0383069f189da.js:29
ao @ vendor-85d0383069f189da.js:29
aa @ vendor-85d0383069f189da.js:29
ao @ vendor-85d0383069f189da.js:29
aa @ vendor-85d0383069f189da.js:29
ao @ vendor-85d0383069f189da.js:29
aa @ vendor-85d0383069f189da.js:29
ao @ vendor-85d0383069f189da.js:29
aa @ vendor-85d0383069f189da.js:29
lf @ vendor-85d0383069f189da.js:29
(anonymous) @ vendor-85d0383069f189da.js:29
lc @ vendor-85d0383069f189da.js:29
nb @ vendor-85d0383069f189da.js:29
nx @ vendor-85d0383069f189da.js:29
(anonymous) @ vendor-85d0383069f189da.js:29
setTimeout
o @ vendor-85d0383069f189da.js:29
l @ vendor-85d0383069f189da.js:29
batch @ vendor-85d0383069f189da.js:29
#a @ vendor-85d0383069f189da.js:29
execute @ vendor-85d0383069f189da.js:29
await in execute
mutate @ vendor-85d0383069f189da.js:29
(anonymous) @ common-da01ee9d6c5cb44c.js:1
M @ page-181623f2d16c4407.js:1
(anonymous) @ vendor-85d0383069f189da.js:29
await in (anonymous)
oT @ vendor-85d0383069f189da.js:29
oZ @ vendor-85d0383069f189da.js:29
(anonymous) @ vendor-85d0383069f189da.js:29
uR @ vendor-85d0383069f189da.js:29
uA @ vendor-85d0383069f189da.js:29
(anonymous) @ vendor-85d0383069f189da.js:29
a6 @ vendor-85d0383069f189da.js:29
lB @ vendor-85d0383069f189da.js:29
uz @ vendor-85d0383069f189da.js:29
sI @ vendor-85d0383069f189da.js:29
sA @ vendor-85d0383069f189da.js:29
vendor-85d0383069f189da.js:29 XHR failed loading: GET "https://www.squarefooot.com/api/v1/auth/me".
(anonymous) @ vendor-85d0383069f189da.js:29
xhr @ vendor-85d0383069f189da.js:29
tr @ vendor-85d0383069f189da.js:29
Promise.then
_request @ vendor-85d0383069f189da.js:29
request @ vendor-85d0383069f189da.js:29
tu.<computed> @ vendor-85d0383069f189da.js:29
(anonymous) @ vendor-85d0383069f189da.js:29
profile @ common-da01ee9d6c5cb44c.js:1
queryFn @ common-da01ee9d6c5cb44c.js:1
a @ vendor-85d0383069f189da.js:29
y @ vendor-85d0383069f189da.js:29
start @ vendor-85d0383069f189da.js:29
fetch @ vendor-85d0383069f189da.js:29
#H @ vendor-85d0383069f189da.js:29
setOptions @ vendor-85d0383069f189da.js:29
(anonymous) @ vendor-85d0383069f189da.js:29
oq @ vendor-85d0383069f189da.js:29
an @ vendor-85d0383069f189da.js:29
aa @ vendor-85d0383069f189da.js:29
ao @ vendor-85d0383069f189da.js:29
aa @ vendor-85d0383069f189da.js:29
ao @ vendor-85d0383069f189da.js:29
aa @ vendor-85d0383069f189da.js:29
ao @ vendor-85d0383069f189da.js:29
aa @ vendor-85d0383069f189da.js:29
ao @ vendor-85d0383069f189da.js:29
aa @ vendor-85d0383069f189da.js:29
ao @ vendor-85d0383069f189da.js:29
aa @ vendor-85d0383069f189da.js:29
ao @ vendor-85d0383069f189da.js:29
aa @ vendor-85d0383069f189da.js:29
ao @ vendor-85d0383069f189da.js:29
aa @ vendor-85d0383069f189da.js:29
ao @ vendor-85d0383069f189da.js:29
aa @ vendor-85d0383069f189da.js:29
ao @ vendor-85d0383069f189da.js:29
aa @ vendor-85d0383069f189da.js:29
ao @ vendor-85d0383069f189da.js:29
aa @ vendor-85d0383069f189da.js:29
ao @ vendor-85d0383069f189da.js:29
aa @ vendor-85d0383069f189da.js:29
ao @ vendor-85d0383069f189da.js:29
aa @ vendor-85d0383069f189da.js:29
ao @ vendor-85d0383069f189da.js:29
aa @ vendor-85d0383069f189da.js:29
ao @ vendor-85d0383069f189da.js:29
aa @ vendor-85d0383069f189da.js:29
ao @ vendor-85d0383069f189da.js:29
aa @ vendor-85d0383069f189da.js:29
ao @ vendor-85d0383069f189da.js:29
aa @ vendor-85d0383069f189da.js:29
ao @ vendor-85d0383069f189da.js:29
aa @ vendor-85d0383069f189da.js:29
ao @ vendor-85d0383069f189da.js:29
aa @ vendor-85d0383069f189da.js:29
ao @ vendor-85d0383069f189da.js:29
aa @ vendor-85d0383069f189da.js:29
ao @ vendor-85d0383069f189da.js:29
aa @ vendor-85d0383069f189da.js:29
ao @ vendor-85d0383069f189da.js:29
aa @ vendor-85d0383069f189da.js:29
ao @ vendor-85d0383069f189da.js:29
aa @ vendor-85d0383069f189da.js:29
ao @ vendor-85d0383069f189da.js:29
aa @ vendor-85d0383069f189da.js:29
ao @ vendor-85d0383069f189da.js:29
aa @ vendor-85d0383069f189da.js:29
ao @ vendor-85d0383069f189da.js:29
aa @ vendor-85d0383069f189da.js:29
ao @ vendor-85d0383069f189da.js:29
aa @ vendor-85d0383069f189da.js:29
ao @ vendor-85d0383069f189da.js:29
aa @ vendor-85d0383069f189da.js:29
ao @ vendor-85d0383069f189da.js:29
aa @ vendor-85d0383069f189da.js:29
ao @ vendor-85d0383069f189da.js:29
aa @ vendor-85d0383069f189da.js:29
ao @ vendor-85d0383069f189da.js:29
aa @ vendor-85d0383069f189da.js:29
ao @ vendor-85d0383069f189da.js:29
aa @ vendor-85d0383069f189da.js:29
ao @ vendor-85d0383069f189da.js:29
aa @ vendor-85d0383069f189da.js:29
ao @ vendor-85d0383069f189da.js:29
aa @ vendor-85d0383069f189da.js:29
ao @ vendor-85d0383069f189da.js:29
aa @ vendor-85d0383069f189da.js:29
ao @ vendor-85d0383069f189da.js:29
aa @ vendor-85d0383069f189da.js:29
ao @ vendor-85d0383069f189da.js:29
aa @ vendor-85d0383069f189da.js:29
ao @ vendor-85d0383069f189da.js:29
aa @ vendor-85d0383069f189da.js:29
ao @ vendor-85d0383069f189da.js:29
aa @ vendor-85d0383069f189da.js:29
ao @ vendor-85d0383069f189da.js:29
aa @ vendor-85d0383069f189da.js:29
ao @ vendor-85d0383069f189da.js:29
aa @ vendor-85d0383069f189da.js:29
lf @ vendor-85d0383069f189da.js:29
(anonymous) @ vendor-85d0383069f189da.js:29
lc @ vendor-85d0383069f189da.js:29
nb @ vendor-85d0383069f189da.js:29
nx @ vendor-85d0383069f189da.js:29
(anonymous) @ vendor-85d0383069f189da.js:29
setTimeout
o @ vendor-85d0383069f189da.js:29
l @ vendor-85d0383069f189da.js:29
batch @ vendor-85d0383069f189da.js:29
#a @ vendor-85d0383069f189da.js:29
execute @ vendor-85d0383069f189da.js:29
await in execute
mutate @ vendor-85d0383069f189da.js:29
(anonymous) @ common-da01ee9d6c5cb44c.js:1
M @ page-181623f2d16c4407.js:1
(anonymous) @ vendor-85d0383069f189da.js:29
await in (anonymous)
oT @ vendor-85d0383069f189da.js:29
oZ @ vendor-85d0383069f189da.js:29
(anonymous) @ vendor-85d0383069f189da.js:29
uR @ vendor-85d0383069f189da.js:29
uA @ vendor-85d0383069f189da.js:29
(anonymous) @ vendor-85d0383069f189da.js:29
a6 @ vendor-85d0383069f189da.js:29
lB @ vendor-85d0383069f189da.js:29
uz @ vendor-85d0383069f189da.js:29
sI @ vendor-85d0383069f189da.js:29
sA @ vendor-85d0383069f189da.js:29
vendor-85d0383069f189da.js:29 XHR finished loading: GET "https://www.squarefooot.com/api/v1/properties/featured".
(anonymous) @ vendor-85d0383069f189da.js:29
xhr @ vendor-85d0383069f189da.js:29
tr @ vendor-85d0383069f189da.js:29
Promise.then
_request @ vendor-85d0383069f189da.js:29
request @ vendor-85d0383069f189da.js:29
tu.<computed> @ vendor-85d0383069f189da.js:29
(anonymous) @ vendor-85d0383069f189da.js:29
(anonymous) @ common-da01ee9d6c5cb44c.js:1
(anonymous) @ page-94266df628b80b13.js:1
(anonymous) @ page-94266df628b80b13.js:1
oq @ vendor-85d0383069f189da.js:29
an @ vendor-85d0383069f189da.js:29
e @ vendor-85d0383069f189da.js:29
e @ vendor-85d0383069f189da.js:29
e @ vendor-85d0383069f189da.js:29
aa @ vendor-85d0383069f189da.js:29
ao @ vendor-85d0383069f189da.js:29
aa @ vendor-85d0383069f189da.js:29
ao @ vendor-85d0383069f189da.js:29
aa @ vendor-85d0383069f189da.js:29
ao @ vendor-85d0383069f189da.js:29
aa @ vendor-85d0383069f189da.js:29
ao @ vendor-85d0383069f189da.js:29
aa @ vendor-85d0383069f189da.js:29
ao @ vendor-85d0383069f189da.js:29
aa @ vendor-85d0383069f189da.js:29
ao @ vendor-85d0383069f189da.js:29
aa @ vendor-85d0383069f189da.js:29
ao @ vendor-85d0383069f189da.js:29
aa @ vendor-85d0383069f189da.js:29
ao @ vendor-85d0383069f189da.js:29
aa @ vendor-85d0383069f189da.js:29
ao @ vendor-85d0383069f189da.js:29
aa @ vendor-85d0383069f189da.js:29
ao @ vendor-85d0383069f189da.js:29
aa @ vendor-85d0383069f189da.js:29
ao @ vendor-85d0383069f189da.js:29
aa @ vendor-85d0383069f189da.js:29
ao @ vendor-85d0383069f189da.js:29
aa @ vendor-85d0383069f189da.js:29
ao @ vendor-85d0383069f189da.js:29
aa @ vendor-85d0383069f189da.js:29
ao @ vendor-85d0383069f189da.js:29
aa @ vendor-85d0383069f189da.js:29
ao @ vendor-85d0383069f189da.js:29
aa @ vendor-85d0383069f189da.js:29
ao @ vendor-85d0383069f189da.js:29
aa @ vendor-85d0383069f189da.js:29
ao @ vendor-85d0383069f189da.js:29
aa @ vendor-85d0383069f189da.js:29
ao @ vendor-85d0383069f189da.js:29
aa @ vendor-85d0383069f189da.js:29
ao @ vendor-85d0383069f189da.js:29
aa @ vendor-85d0383069f189da.js:29
ao @ vendor-85d0383069f189da.js:29
aa @ vendor-85d0383069f189da.js:29
ao @ vendor-85d0383069f189da.js:29
aa @ vendor-85d0383069f189da.js:29
ao @ vendor-85d0383069f189da.js:29
aa @ vendor-85d0383069f189da.js:29
ao @ vendor-85d0383069f189da.js:29
aa @ vendor-85d0383069f189da.js:29
ao @ vendor-85d0383069f189da.js:29
aa @ vendor-85d0383069f189da.js:29
ao @ vendor-85d0383069f189da.js:29
aa @ vendor-85d0383069f189da.js:29
ao @ vendor-85d0383069f189da.js:29
aa @ vendor-85d0383069f189da.js:29
ao @ vendor-85d0383069f189da.js:29
aa @ vendor-85d0383069f189da.js:29
ao @ vendor-85d0383069f189da.js:29
aa @ vendor-85d0383069f189da.js:29
ao @ vendor-85d0383069f189da.js:29
aa @ vendor-85d0383069f189da.js:29
ao @ vendor-85d0383069f189da.js:29
aa @ vendor-85d0383069f189da.js:29
ao @ vendor-85d0383069f189da.js:29
aa @ vendor-85d0383069f189da.js:29
ao @ vendor-85d0383069f189da.js:29
aa @ vendor-85d0383069f189da.js:29
ao @ vendor-85d0383069f189da.js:29
aa @ vendor-85d0383069f189da.js:29
ao @ vendor-85d0383069f189da.js:29
aa @ vendor-85d0383069f189da.js:29
ao @ vendor-85d0383069f189da.js:29
aa @ vendor-85d0383069f189da.js:29
ao @ vendor-85d0383069f189da.js:29
aa @ vendor-85d0383069f189da.js:29
ao @ vendor-85d0383069f189da.js:29
aa @ vendor-85d0383069f189da.js:29
ao @ vendor-85d0383069f189da.js:29
aa @ vendor-85d0383069f189da.js:29
ao @ vendor-85d0383069f189da.js:29
aa @ vendor-85d0383069f189da.js:29
ao @ vendor-85d0383069f189da.js:29
aa @ vendor-85d0383069f189da.js:29
ao @ vendor-85d0383069f189da.js:29
aa @ vendor-85d0383069f189da.js:29
ao @ vendor-85d0383069f189da.js:29
aa @ vendor-85d0383069f189da.js:29
ao @ vendor-85d0383069f189da.js:29
aa @ vendor-85d0383069f189da.js:29
ao @ vendor-85d0383069f189da.js:29
aa @ vendor-85d0383069f189da.js:29
ao @ vendor-85d0383069f189da.js:29
aa @ vendor-85d0383069f189da.js:29
ao @ vendor-85d0383069f189da.js:29
aa @ vendor-85d0383069f189da.js:29
ao @ vendor-85d0383069f189da.js:29
aa @ vendor-85d0383069f189da.js:29
ao @ vendor-85d0383069f189da.js:29
aa @ vendor-85d0383069f189da.js:29
ao @ vendor-85d0383069f189da.js:29
aa @ vendor-85d0383069f189da.js:29
ao @ vendor-85d0383069f189da.js:29
aa @ vendor-85d0383069f189da.js:29
ao @ vendor-85d0383069f189da.js:29
aa @ vendor-85d0383069f189da.js:29
ao @ vendor-85d0383069f189da.js:29
aa @ vendor-85d0383069f189da.js:29
ao @ vendor-85d0383069f189da.js:29
aa @ vendor-85d0383069f189da.js:29
ao @ vendor-85d0383069f189da.js:29
aa @ vendor-85d0383069f189da.js:29
ao @ vendor-85d0383069f189da.js:29
aa @ vendor-85d0383069f189da.js:29
ao @ vendor-85d0383069f189da.js:29
aa @ vendor-85d0383069f189da.js:29
ao @ vendor-85d0383069f189da.js:29
aa @ vendor-85d0383069f189da.js:29
ao @ vendor-85d0383069f189da.js:29
aa @ vendor-85d0383069f189da.js:29
ao @ vendor-85d0383069f189da.js:29
aa @ vendor-85d0383069f189da.js:29
ao @ vendor-85d0383069f189da.js:29
aa @ vendor-85d0383069f189da.js:29
ao @ vendor-85d0383069f189da.js:29
aa @ vendor-85d0383069f189da.js:29
ao @ vendor-85d0383069f189da.js:29
aa @ vendor-85d0383069f189da.js:29
ao @ vendor-85d0383069f189da.js:29
aa @ vendor-85d0383069f189da.js:29
ao @ vendor-85d0383069f189da.js:29
aa @ vendor-85d0383069f189da.js:29
ao @ vendor-85d0383069f189da.js:29
aa @ vendor-85d0383069f189da.js:29
ao @ vendor-85d0383069f189da.js:29
aa @ vendor-85d0383069f189da.js:29
ao @ vendor-85d0383069f189da.js:29
aa @ vendor-85d0383069f189da.js:29
ao @ vendor-85d0383069f189da.js:29
aa @ vendor-85d0383069f189da.js:29
lf @ vendor-85d0383069f189da.js:29
a @ vendor-85d0383069f189da.js:29
_ @ vendor-85d0383069f189da.js:28
Navigated to https://www.squarefooot.com/login
vendor-85d0383069f189da.js:29 Uncaught Error: Minified React error #418; visit https://react.dev/errors/418 for the full message or use the non-minified dev environment for full errors and additional helpful warnings.
    at t7 (vendor-85d0383069f189da.js:29:377062)
    at lQ (vendor-85d0383069f189da.js:29:472927)
    at la (vendor-85d0383069f189da.js:29:447554)
    at vendor-85d0383069f189da.js:29:443480
    at vendor-85d0383069f189da.js:29:443487
    at a0 (vendor-85d0383069f189da.js:29:443592)
    at MessagePort._ (vendor-85d0383069f189da.js:28:379093)
t7 @ vendor-85d0383069f189da.js:29
lQ @ vendor-85d0383069f189da.js:29
la @ vendor-85d0383069f189da.js:29
(anonymous) @ vendor-85d0383069f189da.js:29
(anonymous) @ vendor-85d0383069f189da.js:29
a0 @ vendor-85d0383069f189da.js:29
_ @ vendor-85d0383069f189da.js:28
vendor-85d0383069f189da.js:29 Uncaught Error: Minified React error #418; visit https://react.dev/errors/418 for the full message or use the non-minified dev environment for full errors and additional helpful warnings.
    at t7 (vendor-85d0383069f189da.js:29:377062)
    at lQ (vendor-85d0383069f189da.js:29:472927)
    at la (vendor-85d0383069f189da.js:29:447554)
    at vendor-85d0383069f189da.js:29:443480
    at vendor-85d0383069f189da.js:29:443487
    at a0 (vendor-85d0383069f189da.js:29:443592)
    at MessagePort._ (vendor-85d0383069f189da.js:28:379093)
t7 @ vendor-85d0383069f189da.js:29
lQ @ vendor-85d0383069f189da.js:29
la @ vendor-85d0383069f189da.js:29
(anonymous) @ vendor-85d0383069f189da.js:29
(anonymous) @ vendor-85d0383069f189da.js:29
a0 @ vendor-85d0383069f189da.js:29
_ @ vendor-85d0383069f189da.js:28
vendor-85d0383069f189da.js:29 Uncaught Error: Minified React error #418; visit https://react.dev/errors/418 for the full message or use the non-minified dev environment for full errors and additional helpful warnings.
    at t7 (vendor-85d0383069f189da.js:29:377062)
    at lQ (vendor-85d0383069f189da.js:29:472927)
    at la (vendor-85d0383069f189da.js:29:447554)
    at vendor-85d0383069f189da.js:29:443480
    at vendor-85d0383069f189da.js:29:443487
    at a0 (vendor-85d0383069f189da.js:29:443592)
    at MessagePort._ (vendor-85d0383069f189da.js:28:379093)
t7 @ vendor-85d0383069f189da.js:29
lQ @ vendor-85d0383069f189da.js:29
la @ vendor-85d0383069f189da.js:29
(anonymous) @ vendor-85d0383069f189da.js:29
(anonymous) @ vendor-85d0383069f189da.js:29
a0 @ vendor-85d0383069f189da.js:29
_ @ vendor-85d0383069f189da.js:28
vendor-85d0383069f189da.js:29 Uncaught Error: Minified React error #418; visit https://react.dev/errors/418 for the full message or use the non-minified dev environment for full errors and additional helpful warnings.
    at t7 (vendor-85d0383069f189da.js:29:377062)
    at lQ (vendor-85d0383069f189da.js:29:472927)
    at la (vendor-85d0383069f189da.js:29:447554)
    at vendor-85d0383069f189da.js:29:443480
    at vendor-85d0383069f189da.js:29:443487
    at a0 (vendor-85d0383069f189da.js:29:443592)
    at MessagePort._ (vendor-85d0383069f189da.js:28:379093)
t7 @ vendor-85d0383069f189da.js:29
lQ @ vendor-85d0383069f189da.js:29
la @ vendor-85d0383069f189da.js:29
(anonymous) @ vendor-85d0383069f189da.js:29
(anonymous) @ vendor-85d0383069f189da.js:29
a0 @ vendor-85d0383069f189da.js:29
_ @ vendor-85d0383069f189da.js:28
vendor-85d0383069f189da.js:29 Uncaught Error: Minified React error #423; visit https://react.dev/errors/423 for the full message or use the non-minified dev environment for full errors and additional helpful warnings.
    at lQ (vendor-85d0383069f189da.js:29:470741)
    at la (vendor-85d0383069f189da.js:29:447554)
    at vendor-85d0383069f189da.js:29:447376
    at lo (vendor-85d0383069f189da.js:29:447383)
    at a1 (vendor-85d0383069f189da.js:29:444739)
    at a0 (vendor-85d0383069f189da.js:29:444158)
    at MessagePort._ (vendor-85d0383069f189da.js:28:379093)
lQ @ vendor-85d0383069f189da.js:29
la @ vendor-85d0383069f189da.js:29
(anonymous) @ vendor-85d0383069f189da.js:29
lo @ vendor-85d0383069f189da.js:29
a1 @ vendor-85d0383069f189da.js:29
a0 @ vendor-85d0383069f189da.js:29
_ @ vendor-85d0383069f189da.js:28
login:9 LCP: 940
vendor-85d0383069f189da.js:28 Fetch failed loading: GET "https://www.squarefooot.com/properties?_rsc=7khhj".
c @ vendor-85d0383069f189da.js:28
(anonymous) @ vendor-85d0383069f189da.js:28
o @ vendor-85d0383069f189da.js:28
c @ vendor-85d0383069f189da.js:28
enqueue @ vendor-85d0383069f189da.js:28
c @ vendor-85d0383069f189da.js:28
s @ vendor-85d0383069f189da.js:28
l @ vendor-85d0383069f189da.js:28
d @ vendor-85d0383069f189da.js:28
action @ vendor-85d0383069f189da.js:29
u @ vendor-85d0383069f189da.js:29
s @ vendor-85d0383069f189da.js:29
u @ vendor-85d0383069f189da.js:29
Promise.then
u @ vendor-85d0383069f189da.js:29
(anonymous) @ vendor-85d0383069f189da.js:29
dispatch @ vendor-85d0383069f189da.js:29
(anonymous) @ vendor-85d0383069f189da.js:28
(anonymous) @ vendor-85d0383069f189da.js:28
t.startTransition @ vendor-85d0383069f189da.js:29
prefetch @ vendor-85d0383069f189da.js:28
(anonymous) @ vendor-85d0383069f189da.js:28
y @ vendor-85d0383069f189da.js:28
(anonymous) @ vendor-85d0383069f189da.js:28
oq @ vendor-85d0383069f189da.js:29
an @ vendor-85d0383069f189da.js:29
aa @ vendor-85d0383069f189da.js:29
ao @ vendor-85d0383069f189da.js:29
aa @ vendor-85d0383069f189da.js:29
ao @ vendor-85d0383069f189da.js:29
aa @ vendor-85d0383069f189da.js:29
ao @ vendor-85d0383069f189da.js:29
aa @ vendor-85d0383069f189da.js:29
ao @ vendor-85d0383069f189da.js:29
aa @ vendor-85d0383069f189da.js:29
ao @ vendor-85d0383069f189da.js:29
aa @ vendor-85d0383069f189da.js:29
ao @ vendor-85d0383069f189da.js:29
aa @ vendor-85d0383069f189da.js:29
ao @ vendor-85d0383069f189da.js:29
aa @ vendor-85d0383069f189da.js:29
ao @ vendor-85d0383069f189da.js:29
aa @ vendor-85d0383069f189da.js:29
ao @ vendor-85d0383069f189da.js:29
aa @ vendor-85d0383069f189da.js:29
ao @ vendor-85d0383069f189da.js:29
aa @ vendor-85d0383069f189da.js:29
ao @ vendor-85d0383069f189da.js:29
aa @ vendor-85d0383069f189da.js:29
ao @ vendor-85d0383069f189da.js:29
aa @ vendor-85d0383069f189da.js:29
ao @ vendor-85d0383069f189da.js:29
aa @ vendor-85d0383069f189da.js:29
ao @ vendor-85d0383069f189da.js:29
aa @ vendor-85d0383069f189da.js:29
ao @ vendor-85d0383069f189da.js:29
aa @ vendor-85d0383069f189da.js:29
ao @ vendor-85d0383069f189da.js:29
aa @ vendor-85d0383069f189da.js:29
ao @ vendor-85d0383069f189da.js:29
aa @ vendor-85d0383069f189da.js:29
ao @ vendor-85d0383069f189da.js:29
aa @ vendor-85d0383069f189da.js:29
ao @ vendor-85d0383069f189da.js:29
aa @ vendor-85d0383069f189da.js:29
ao @ vendor-85d0383069f189da.js:29
aa @ vendor-85d0383069f189da.js:29
ao @ vendor-85d0383069f189da.js:29
aa @ vendor-85d0383069f189da.js:29
ao @ vendor-85d0383069f189da.js:29
aa @ vendor-85d0383069f189da.js:29
ao @ vendor-85d0383069f189da.js:29
aa @ vendor-85d0383069f189da.js:29
ao @ vendor-85d0383069f189da.js:29
aa @ vendor-85d0383069f189da.js:29
ao @ vendor-85d0383069f189da.js:29
aa @ vendor-85d0383069f189da.js:29
ao @ vendor-85d0383069f189da.js:29
aa @ vendor-85d0383069f189da.js:29
ao @ vendor-85d0383069f189da.js:29
aa @ vendor-85d0383069f189da.js:29
ao @ vendor-85d0383069f189da.js:29
aa @ vendor-85d0383069f189da.js:29
ao @ vendor-85d0383069f189da.js:29
aa @ vendor-85d0383069f189da.js:29
ao @ vendor-85d0383069f189da.js:29
aa @ vendor-85d0383069f189da.js:29
ao @ vendor-85d0383069f189da.js:29
aa @ vendor-85d0383069f189da.js:29
ao @ vendor-85d0383069f189da.js:29
aa @ vendor-85d0383069f189da.js:29
ao @ vendor-85d0383069f189da.js:29
aa @ vendor-85d0383069f189da.js:29
ao @ vendor-85d0383069f189da.js:29
aa @ vendor-85d0383069f189da.js:29
ao @ vendor-85d0383069f189da.js:29
aa @ vendor-85d0383069f189da.js:29
ao @ vendor-85d0383069f189da.js:29
aa @ vendor-85d0383069f189da.js:29
ao @ vendor-85d0383069f189da.js:29
aa @ vendor-85d0383069f189da.js:29
ao @ vendor-85d0383069f189da.js:29
aa @ vendor-85d0383069f189da.js:29
ao @ vendor-85d0383069f189da.js:29
aa @ vendor-85d0383069f189da.js:29
ao @ vendor-85d0383069f189da.js:29
aa @ vendor-85d0383069f189da.js:29
ao @ vendor-85d0383069f189da.js:29
aa @ vendor-85d0383069f189da.js:29
ao @ vendor-85d0383069f189da.js:29
aa @ vendor-85d0383069f189da.js:29
ao @ vendor-85d0383069f189da.js:29
aa @ vendor-85d0383069f189da.js:29
ao @ vendor-85d0383069f189da.js:29
aa @ vendor-85d0383069f189da.js:29
ao @ vendor-85d0383069f189da.js:29
aa @ vendor-85d0383069f189da.js:29
ao @ vendor-85d0383069f189da.js:29
aa @ vendor-85d0383069f189da.js:29
ao @ vendor-85d0383069f189da.js:29
aa @ vendor-85d0383069f189da.js:29
ao @ vendor-85d0383069f189da.js:29
aa @ vendor-85d0383069f189da.js:29
ao @ vendor-85d0383069f189da.js:29
aa @ vendor-85d0383069f189da.js:29
ao @ vendor-85d0383069f189da.js:29
aa @ vendor-85d0383069f189da.js:29
ao @ vendor-85d0383069f189da.js:29
aa @ vendor-85d0383069f189da.js:29
ao @ vendor-85d0383069f189da.js:29
aa @ vendor-85d0383069f189da.js:29
ao @ vendor-85d0383069f189da.js:29
aa @ vendor-85d0383069f189da.js:29
ao @ vendor-85d0383069f189da.js:29
aa @ vendor-85d0383069f189da.js:29
ao @ vendor-85d0383069f189da.js:29
aa @ vendor-85d0383069f189da.js:29
lf @ vendor-85d0383069f189da.js:29
a @ vendor-85d0383069f189da.js:29
_ @ vendor-85d0383069f189da.js:28
Fetch finished loading: GET "<URL>".
Fetch finished loading: GET "<URL>".
Fetch finished loading: GET "<URL>".
Fetch finished loading: GET "<URL>".
Fetch finished loading: GET "<URL>".
Fetch finished loading: GET "<URL>".
Fetch finished loading: GET "<URL>".
Fetch finished loading: GET "<URL>".
Fetch finished loading: GET "<URL>".
Fetch finished loading: GET "<URL>".
Fetch finished loading: GET "<URL>".
Fetch finished loading: GET "<URL>".
Fetch finished loading: GET "<URL>".
Fetch finished loading: GET "<URL>".
Fetch finished loading: GET "<URL>".
Fetch finished loading: GET "<URL>".
login:16 FID: 1.2000000476837158
vendor-85d0383069f189da.js:29 XHR finished loading: POST "https://www.squarefooot.com/api/v1/auth/login".
(anonymous) @ vendor-85d0383069f189da.js:29
xhr @ vendor-85d0383069f189da.js:29
tr @ vendor-85d0383069f189da.js:29
Promise.then
_request @ vendor-85d0383069f189da.js:29
request @ vendor-85d0383069f189da.js:29
(anonymous) @ vendor-85d0383069f189da.js:29
(anonymous) @ vendor-85d0383069f189da.js:29
login @ common-da01ee9d6c5cb44c.js:1
mutationFn @ common-da01ee9d6c5cb44c.js:1
fn @ vendor-85d0383069f189da.js:29
y @ vendor-85d0383069f189da.js:29
start @ vendor-85d0383069f189da.js:29
execute @ vendor-85d0383069f189da.js:29
await in execute
mutate @ vendor-85d0383069f189da.js:29
(anonymous) @ common-da01ee9d6c5cb44c.js:1
M @ page-181623f2d16c4407.js:1
(anonymous) @ vendor-85d0383069f189da.js:29
await in (anonymous)
oT @ vendor-85d0383069f189da.js:29
oZ @ vendor-85d0383069f189da.js:29
(anonymous) @ vendor-85d0383069f189da.js:29
uR @ vendor-85d0383069f189da.js:29
uA @ vendor-85d0383069f189da.js:29
(anonymous) @ vendor-85d0383069f189da.js:29
a6 @ vendor-85d0383069f189da.js:29
lB @ vendor-85d0383069f189da.js:29
uz @ vendor-85d0383069f189da.js:29
sI @ vendor-85d0383069f189da.js:29
sA @ vendor-85d0383069f189da.js:29
vendor-85d0383069f189da.js:29  GET https://www.squarefooot.com/api/v1/auth/me 401 (Unauthorized)
(anonymous) @ vendor-85d0383069f189da.js:29
xhr @ vendor-85d0383069f189da.js:29
tr @ vendor-85d0383069f189da.js:29
Promise.then
_request @ vendor-85d0383069f189da.js:29
request @ vendor-85d0383069f189da.js:29
tu.<computed> @ vendor-85d0383069f189da.js:29
(anonymous) @ vendor-85d0383069f189da.js:29
profile @ common-da01ee9d6c5cb44c.js:1
queryFn @ common-da01ee9d6c5cb44c.js:1
a @ vendor-85d0383069f189da.js:29
y @ vendor-85d0383069f189da.js:29
start @ vendor-85d0383069f189da.js:29
fetch @ vendor-85d0383069f189da.js:29
#H @ vendor-85d0383069f189da.js:29
setOptions @ vendor-85d0383069f189da.js:29
(anonymous) @ vendor-85d0383069f189da.js:29
oq @ vendor-85d0383069f189da.js:29
an @ vendor-85d0383069f189da.js:29
aa @ vendor-85d0383069f189da.js:29
ao @ vendor-85d0383069f189da.js:29
aa @ vendor-85d0383069f189da.js:29
ao @ vendor-85d0383069f189da.js:29
aa @ vendor-85d0383069f189da.js:29
ao @ vendor-85d0383069f189da.js:29
aa @ vendor-85d0383069f189da.js:29
ao @ vendor-85d0383069f189da.js:29
aa @ vendor-85d0383069f189da.js:29
ao @ vendor-85d0383069f189da.js:29
aa @ vendor-85d0383069f189da.js:29
ao @ vendor-85d0383069f189da.js:29
aa @ vendor-85d0383069f189da.js:29
ao @ vendor-85d0383069f189da.js:29
aa @ vendor-85d0383069f189da.js:29
ao @ vendor-85d0383069f189da.js:29
aa @ vendor-85d0383069f189da.js:29
ao @ vendor-85d0383069f189da.js:29
aa @ vendor-85d0383069f189da.js:29
ao @ vendor-85d0383069f189da.js:29
aa @ vendor-85d0383069f189da.js:29
ao @ vendor-85d0383069f189da.js:29
aa @ vendor-85d0383069f189da.js:29
ao @ vendor-85d0383069f189da.js:29
aa @ vendor-85d0383069f189da.js:29
ao @ vendor-85d0383069f189da.js:29
aa @ vendor-85d0383069f189da.js:29
ao @ vendor-85d0383069f189da.js:29
aa @ vendor-85d0383069f189da.js:29
ao @ vendor-85d0383069f189da.js:29
aa @ vendor-85d0383069f189da.js:29
ao @ vendor-85d0383069f189da.js:29
aa @ vendor-85d0383069f189da.js:29
ao @ vendor-85d0383069f189da.js:29
aa @ vendor-85d0383069f189da.js:29
ao @ vendor-85d0383069f189da.js:29
aa @ vendor-85d0383069f189da.js:29
ao @ vendor-85d0383069f189da.js:29
aa @ vendor-85d0383069f189da.js:29
ao @ vendor-85d0383069f189da.js:29
aa @ vendor-85d0383069f189da.js:29
ao @ vendor-85d0383069f189da.js:29
aa @ vendor-85d0383069f189da.js:29
ao @ vendor-85d0383069f189da.js:29
aa @ vendor-85d0383069f189da.js:29
ao @ vendor-85d0383069f189da.js:29
aa @ vendor-85d0383069f189da.js:29
ao @ vendor-85d0383069f189da.js:29
aa @ vendor-85d0383069f189da.js:29
ao @ vendor-85d0383069f189da.js:29
aa @ vendor-85d0383069f189da.js:29
ao @ vendor-85d0383069f189da.js:29
aa @ vendor-85d0383069f189da.js:29
ao @ vendor-85d0383069f189da.js:29
aa @ vendor-85d0383069f189da.js:29
ao @ vendor-85d0383069f189da.js:29
aa @ vendor-85d0383069f189da.js:29
ao @ vendor-85d0383069f189da.js:29
aa @ vendor-85d0383069f189da.js:29
ao @ vendor-85d0383069f189da.js:29
aa @ vendor-85d0383069f189da.js:29
ao @ vendor-85d0383069f189da.js:29
aa @ vendor-85d0383069f189da.js:29
ao @ vendor-85d0383069f189da.js:29
aa @ vendor-85d0383069f189da.js:29
ao @ vendor-85d0383069f189da.js:29
aa @ vendor-85d0383069f189da.js:29
ao @ vendor-85d0383069f189da.js:29
aa @ vendor-85d0383069f189da.js:29
ao @ vendor-85d0383069f189da.js:29
aa @ vendor-85d0383069f189da.js:29
ao @ vendor-85d0383069f189da.js:29
aa @ vendor-85d0383069f189da.js:29
ao @ vendor-85d0383069f189da.js:29
aa @ vendor-85d0383069f189da.js:29
ao @ vendor-85d0383069f189da.js:29
aa @ vendor-85d0383069f189da.js:29
ao @ vendor-85d0383069f189da.js:29
aa @ vendor-85d0383069f189da.js:29
ao @ vendor-85d0383069f189da.js:29
aa @ vendor-85d0383069f189da.js:29
lf @ vendor-85d0383069f189da.js:29
(anonymous) @ vendor-85d0383069f189da.js:29
lc @ vendor-85d0383069f189da.js:29
nb @ vendor-85d0383069f189da.js:29
nx @ vendor-85d0383069f189da.js:29
(anonymous) @ vendor-85d0383069f189da.js:29
setTimeout
o @ vendor-85d0383069f189da.js:29
l @ vendor-85d0383069f189da.js:29
batch @ vendor-85d0383069f189da.js:29
#a @ vendor-85d0383069f189da.js:29
execute @ vendor-85d0383069f189da.js:29
await in execute
mutate @ vendor-85d0383069f189da.js:29
(anonymous) @ common-da01ee9d6c5cb44c.js:1
M @ page-181623f2d16c4407.js:1
(anonymous) @ vendor-85d0383069f189da.js:29
await in (anonymous)
oT @ vendor-85d0383069f189da.js:29
oZ @ vendor-85d0383069f189da.js:29
(anonymous) @ vendor-85d0383069f189da.js:29
uR @ vendor-85d0383069f189da.js:29
uA @ vendor-85d0383069f189da.js:29
(anonymous) @ vendor-85d0383069f189da.js:29
a6 @ vendor-85d0383069f189da.js:29
lB @ vendor-85d0383069f189da.js:29
uz @ vendor-85d0383069f189da.js:29
sI @ vendor-85d0383069f189da.js:29
sA @ vendor-85d0383069f189da.js:29
vendor-85d0383069f189da.js:29 XHR failed loading: GET "https://www.squarefooot.com/api/v1/auth/me".
(anonymous) @ vendor-85d0383069f189da.js:29
xhr @ vendor-85d0383069f189da.js:29
tr @ vendor-85d0383069f189da.js:29
Promise.then
_request @ vendor-85d0383069f189da.js:29
request @ vendor-85d0383069f189da.js:29
tu.<computed> @ vendor-85d0383069f189da.js:29
(anonymous) @ vendor-85d0383069f189da.js:29
profile @ common-da01ee9d6c5cb44c.js:1
queryFn @ common-da01ee9d6c5cb44c.js:1
a @ vendor-85d0383069f189da.js:29
y @ vendor-85d0383069f189da.js:29
start @ vendor-85d0383069f189da.js:29
fetch @ vendor-85d0383069f189da.js:29
#H @ vendor-85d0383069f189da.js:29
setOptions @ vendor-85d0383069f189da.js:29
(anonymous) @ vendor-85d0383069f189da.js:29
oq @ vendor-85d0383069f189da.js:29
an @ vendor-85d0383069f189da.js:29
aa @ vendor-85d0383069f189da.js:29
ao @ vendor-85d0383069f189da.js:29
aa @ vendor-85d0383069f189da.js:29
ao @ vendor-85d0383069f189da.js:29
aa @ vendor-85d0383069f189da.js:29
ao @ vendor-85d0383069f189da.js:29
aa @ vendor-85d0383069f189da.js:29
ao @ vendor-85d0383069f189da.js:29
aa @ vendor-85d0383069f189da.js:29
ao @ vendor-85d0383069f189da.js:29
aa @ vendor-85d0383069f189da.js:29
ao @ vendor-85d0383069f189da.js:29
aa @ vendor-85d0383069f189da.js:29
ao @ vendor-85d0383069f189da.js:29
aa @ vendor-85d0383069f189da.js:29
ao @ vendor-85d0383069f189da.js:29
aa @ vendor-85d0383069f189da.js:29
ao @ vendor-85d0383069f189da.js:29
aa @ vendor-85d0383069f189da.js:29
ao @ vendor-85d0383069f189da.js:29
aa @ vendor-85d0383069f189da.js:29
ao @ vendor-85d0383069f189da.js:29
aa @ vendor-85d0383069f189da.js:29
ao @ vendor-85d0383069f189da.js:29
aa @ vendor-85d0383069f189da.js:29
ao @ vendor-85d0383069f189da.js:29
aa @ vendor-85d0383069f189da.js:29
ao @ vendor-85d0383069f189da.js:29
aa @ vendor-85d0383069f189da.js:29
ao @ vendor-85d0383069f189da.js:29
aa @ vendor-85d0383069f189da.js:29
ao @ vendor-85d0383069f189da.js:29
aa @ vendor-85d0383069f189da.js:29
ao @ vendor-85d0383069f189da.js:29
aa @ vendor-85d0383069f189da.js:29
ao @ vendor-85d0383069f189da.js:29
aa @ vendor-85d0383069f189da.js:29
ao @ vendor-85d0383069f189da.js:29
aa @ vendor-85d0383069f189da.js:29
ao @ vendor-85d0383069f189da.js:29
aa @ vendor-85d0383069f189da.js:29
ao @ vendor-85d0383069f189da.js:29
aa @ vendor-85d0383069f189da.js:29
ao @ vendor-85d0383069f189da.js:29
aa @ vendor-85d0383069f189da.js:29
ao @ vendor-85d0383069f189da.js:29
aa @ vendor-85d0383069f189da.js:29
ao @ vendor-85d0383069f189da.js:29
aa @ vendor-85d0383069f189da.js:29
ao @ vendor-85d0383069f189da.js:29
aa @ vendor-85d0383069f189da.js:29
ao @ vendor-85d0383069f189da.js:29
aa @ vendor-85d0383069f189da.js:29
ao @ vendor-85d0383069f189da.js:29
aa @ vendor-85d0383069f189da.js:29
ao @ vendor-85d0383069f189da.js:29
aa @ vendor-85d0383069f189da.js:29
ao @ vendor-85d0383069f189da.js:29
aa @ vendor-85d0383069f189da.js:29
ao @ vendor-85d0383069f189da.js:29
aa @ vendor-85d0383069f189da.js:29
ao @ vendor-85d0383069f189da.js:29
aa @ vendor-85d0383069f189da.js:29
ao @ vendor-85d0383069f189da.js:29
aa @ vendor-85d0383069f189da.js:29
ao @ vendor-85d0383069f189da.js:29
aa @ vendor-85d0383069f189da.js:29
ao @ vendor-85d0383069f189da.js:29
aa @ vendor-85d0383069f189da.js:29
ao @ vendor-85d0383069f189da.js:29
aa @ vendor-85d0383069f189da.js:29
ao @ vendor-85d0383069f189da.js:29
aa @ vendor-85d0383069f189da.js:29
ao @ vendor-85d0383069f189da.js:29
aa @ vendor-85d0383069f189da.js:29
ao @ vendor-85d0383069f189da.js:29
aa @ vendor-85d0383069f189da.js:29
ao @ vendor-85d0383069f189da.js:29
aa @ vendor-85d0383069f189da.js:29
ao @ vendor-85d0383069f189da.js:29
aa @ vendor-85d0383069f189da.js:29
lf @ vendor-85d0383069f189da.js:29
(anonymous) @ vendor-85d0383069f189da.js:29
lc @ vendor-85d0383069f189da.js:29
nb @ vendor-85d0383069f189da.js:29
nx @ vendor-85d0383069f189da.js:29
(anonymous) @ vendor-85d0383069f189da.js:29
setTimeout
o @ vendor-85d0383069f189da.js:29
l @ vendor-85d0383069f189da.js:29
batch @ vendor-85d0383069f189da.js:29
#a @ vendor-85d0383069f189da.js:29
execute @ vendor-85d0383069f189da.js:29
await in execute
mutate @ vendor-85d0383069f189da.js:29
(anonymous) @ common-da01ee9d6c5cb44c.js:1
M @ page-181623f2d16c4407.js:1
(anonymous) @ vendor-85d0383069f189da.js:29
await in (anonymous)
oT @ vendor-85d0383069f189da.js:29
oZ @ vendor-85d0383069f189da.js:29
(anonymous) @ vendor-85d0383069f189da.js:29
uR @ vendor-85d0383069f189da.js:29
uA @ vendor-85d0383069f189da.js:29
(anonymous) @ vendor-85d0383069f189da.js:29
a6 @ vendor-85d0383069f189da.js:29
lB @ vendor-85d0383069f189da.js:29
uz @ vendor-85d0383069f189da.js:29
sI @ vendor-85d0383069f189da.js:29
sA @ vendor-85d0383069f189da.js:29
Navigated to https://www.squarefooot.com/login
vendor-85d0383069f189da.js:29 Uncaught Error: Minified React error #418; visit https://react.dev/errors/418 for the full message or use the non-minified dev environment for full errors and additional helpful warnings.
    at t7 (vendor-85d0383069f189da.js:29:377062)
    at lQ (vendor-85d0383069f189da.js:29:472927)
    at la (vendor-85d0383069f189da.js:29:447554)
    at vendor-85d0383069f189da.js:29:443480
    at vendor-85d0383069f189da.js:29:443487
    at a0 (vendor-85d0383069f189da.js:29:443592)
    at MessagePort._ (vendor-85d0383069f189da.js:28:379093)
t7 @ vendor-85d0383069f189da.js:29
lQ @ vendor-85d0383069f189da.js:29
la @ vendor-85d0383069f189da.js:29
(anonymous) @ vendor-85d0383069f189da.js:29
(anonymous) @ vendor-85d0383069f189da.js:29
a0 @ vendor-85d0383069f189da.js:29
_ @ vendor-85d0383069f189da.js:28
vendor-85d0383069f189da.js:29 Uncaught Error: Minified React error #418; visit https://react.dev/errors/418 for the full message or use the non-minified dev environment for full errors and additional helpful warnings.
    at t7 (vendor-85d0383069f189da.js:29:377062)
    at lQ (vendor-85d0383069f189da.js:29:472927)
    at la (vendor-85d0383069f189da.js:29:447554)
    at vendor-85d0383069f189da.js:29:443480
    at vendor-85d0383069f189da.js:29:443487
    at a0 (vendor-85d0383069f189da.js:29:443592)
    at MessagePort._ (vendor-85d0383069f189da.js:28:379093)
t7 @ vendor-85d0383069f189da.js:29
lQ @ vendor-85d0383069f189da.js:29
la @ vendor-85d0383069f189da.js:29
(anonymous) @ vendor-85d0383069f189da.js:29
(anonymous) @ vendor-85d0383069f189da.js:29
a0 @ vendor-85d0383069f189da.js:29
_ @ vendor-85d0383069f189da.js:28
vendor-85d0383069f189da.js:29 Uncaught Error: Minified React error #418; visit https://react.dev/errors/418 for the full message or use the non-minified dev environment for full errors and additional helpful warnings.
    at t7 (vendor-85d0383069f189da.js:29:377062)
    at lQ (vendor-85d0383069f189da.js:29:472927)
    at la (vendor-85d0383069f189da.js:29:447554)
    at vendor-85d0383069f189da.js:29:443480
    at vendor-85d0383069f189da.js:29:443487
    at a0 (vendor-85d0383069f189da.js:29:443592)
    at MessagePort._ (vendor-85d0383069f189da.js:28:379093)
t7 @ vendor-85d0383069f189da.js:29
lQ @ vendor-85d0383069f189da.js:29
la @ vendor-85d0383069f189da.js:29
(anonymous) @ vendor-85d0383069f189da.js:29
(anonymous) @ vendor-85d0383069f189da.js:29
a0 @ vendor-85d0383069f189da.js:29
_ @ vendor-85d0383069f189da.js:28
vendor-85d0383069f189da.js:29 Uncaught Error: Minified React error #418; visit https://react.dev/errors/418 for the full message or use the non-minified dev environment for full errors and additional helpful warnings.
    at t7 (vendor-85d0383069f189da.js:29:377062)
    at lQ (vendor-85d0383069f189da.js:29:472927)
    at la (vendor-85d0383069f189da.js:29:447554)
    at vendor-85d0383069f189da.js:29:443480
    at vendor-85d0383069f189da.js:29:443487
    at a0 (vendor-85d0383069f189da.js:29:443592)
    at MessagePort._ (vendor-85d0383069f189da.js:28:379093)
t7 @ vendor-85d0383069f189da.js:29
lQ @ vendor-85d0383069f189da.js:29
la @ vendor-85d0383069f189da.js:29
(anonymous) @ vendor-85d0383069f189da.js:29
(anonymous) @ vendor-85d0383069f189da.js:29
a0 @ vendor-85d0383069f189da.js:29
_ @ vendor-85d0383069f189da.js:28
vendor-85d0383069f189da.js:29 Uncaught Error: Minified React error #423; visit https://react.dev/errors/423 for the full message or use the non-minified dev environment for full errors and additional helpful warnings.
    at lQ (vendor-85d0383069f189da.js:29:470741)
    at la (vendor-85d0383069f189da.js:29:447554)
    at vendor-85d0383069f189da.js:29:447376
    at lo (vendor-85d0383069f189da.js:29:447383)
    at a1 (vendor-85d0383069f189da.js:29:444739)
    at a0 (vendor-85d0383069f189da.js:29:444158)
    at MessagePort._ (vendor-85d0383069f189da.js:28:379093)
lQ @ vendor-85d0383069f189da.js:29
la @ vendor-85d0383069f189da.js:29
(anonymous) @ vendor-85d0383069f189da.js:29
lo @ vendor-85d0383069f189da.js:29
a1 @ vendor-85d0383069f189da.js:29
a0 @ vendor-85d0383069f189da.js:29
_ @ vendor-85d0383069f189da.js:28
login:9 LCP: 932
Fetch finished loading: GET "<URL>".
Fetch finished loading: GET "<URL>".
Fetch finished loading: GET "<URL>".
Fetch finished loading: GET "<URL>".
Fetch finished loading: GET "<URL>".
Fetch finished loading: GET "<URL>".
Fetch finished loading: GET "<URL>".
Fetch finished loading: GET "<URL>".
Fetch finished loading: GET "<URL>".
Fetch finished loading: GET "<URL>".
Fetch finished loading: GET "<URL>".
Fetch finished loading: GET "<URL>".
Fetch finished loading: GET "<URL>".
Fetch finished loading: GET "<URL>".
Fetch finished loading: GET "<URL>".
Fetch finished loading: GET "<URL>".
vendor-85d0383069f189da.js:28 Fetch failed loading: GET "https://www.squarefooot.com/properties?_rsc=7khhj".
c @ vendor-85d0383069f189da.js:28
(anonymous) @ vendor-85d0383069f189da.js:28
o @ vendor-85d0383069f189da.js:28
c @ vendor-85d0383069f189da.js:28
enqueue @ vendor-85d0383069f189da.js:28
c @ vendor-85d0383069f189da.js:28
s @ vendor-85d0383069f189da.js:28
l @ vendor-85d0383069f189da.js:28
d @ vendor-85d0383069f189da.js:28
action @ vendor-85d0383069f189da.js:29
u @ vendor-85d0383069f189da.js:29
s @ vendor-85d0383069f189da.js:29
u @ vendor-85d0383069f189da.js:29
Promise.then
u @ vendor-85d0383069f189da.js:29
(anonymous) @ vendor-85d0383069f189da.js:29
dispatch @ vendor-85d0383069f189da.js:29
(anonymous) @ vendor-85d0383069f189da.js:28
(anonymous) @ vendor-85d0383069f189da.js:28
t.startTransition @ vendor-85d0383069f189da.js:29
prefetch @ vendor-85d0383069f189da.js:28
(anonymous) @ vendor-85d0383069f189da.js:28
y @ vendor-85d0383069f189da.js:28
(anonymous) @ vendor-85d0383069f189da.js:28
oq @ vendor-85d0383069f189da.js:29
an @ vendor-85d0383069f189da.js:29
aa @ vendor-85d0383069f189da.js:29
ao @ vendor-85d0383069f189da.js:29
aa @ vendor-85d0383069f189da.js:29
ao @ vendor-85d0383069f189da.js:29
aa @ vendor-85d0383069f189da.js:29
ao @ vendor-85d0383069f189da.js:29
aa @ vendor-85d0383069f189da.js:29
ao @ vendor-85d0383069f189da.js:29
aa @ vendor-85d0383069f189da.js:29
ao @ vendor-85d0383069f189da.js:29
aa @ vendor-85d0383069f189da.js:29
ao @ vendor-85d0383069f189da.js:29
aa @ vendor-85d0383069f189da.js:29
ao @ vendor-85d0383069f189da.js:29
aa @ vendor-85d0383069f189da.js:29
ao @ vendor-85d0383069f189da.js:29
aa @ vendor-85d0383069f189da.js:29
ao @ vendor-85d0383069f189da.js:29
aa @ vendor-85d0383069f189da.js:29
ao @ vendor-85d0383069f189da.js:29
aa @ vendor-85d0383069f189da.js:29
ao @ vendor-85d0383069f189da.js:29
aa @ vendor-85d0383069f189da.js:29
ao @ vendor-85d0383069f189da.js:29
aa @ vendor-85d0383069f189da.js:29
ao @ vendor-85d0383069f189da.js:29
aa @ vendor-85d0383069f189da.js:29
ao @ vendor-85d0383069f189da.js:29
aa @ vendor-85d0383069f189da.js:29
ao @ vendor-85d0383069f189da.js:29
aa @ vendor-85d0383069f189da.js:29
ao @ vendor-85d0383069f189da.js:29
aa @ vendor-85d0383069f189da.js:29
ao @ vendor-85d0383069f189da.js:29
aa @ vendor-85d0383069f189da.js:29
ao @ vendor-85d0383069f189da.js:29
aa @ vendor-85d0383069f189da.js:29
ao @ vendor-85d0383069f189da.js:29
aa @ vendor-85d0383069f189da.js:29
ao @ vendor-85d0383069f189da.js:29
aa @ vendor-85d0383069f189da.js:29
ao @ vendor-85d0383069f189da.js:29
aa @ vendor-85d0383069f189da.js:29
ao @ vendor-85d0383069f189da.js:29
aa @ vendor-85d0383069f189da.js:29
ao @ vendor-85d0383069f189da.js:29
aa @ vendor-85d0383069f189da.js:29
ao @ vendor-85d0383069f189da.js:29
aa @ vendor-85d0383069f189da.js:29
ao @ vendor-85d0383069f189da.js:29
aa @ vendor-85d0383069f189da.js:29
ao @ vendor-85d0383069f189da.js:29
aa @ vendor-85d0383069f189da.js:29
ao @ vendor-85d0383069f189da.js:29
aa @ vendor-85d0383069f189da.js:29
ao @ vendor-85d0383069f189da.js:29
aa @ vendor-85d0383069f189da.js:29
ao @ vendor-85d0383069f189da.js:29
aa @ vendor-85d0383069f189da.js:29
ao @ vendor-85d0383069f189da.js:29
aa @ vendor-85d0383069f189da.js:29
ao @ vendor-85d0383069f189da.js:29
aa @ vendor-85d0383069f189da.js:29
ao @ vendor-85d0383069f189da.js:29
aa @ vendor-85d0383069f189da.js:29
ao @ vendor-85d0383069f189da.js:29
aa @ vendor-85d0383069f189da.js:29
ao @ vendor-85d0383069f189da.js:29
aa @ vendor-85d0383069f189da.js:29
ao @ vendor-85d0383069f189da.js:29
aa @ vendor-85d0383069f189da.js:29
ao @ vendor-85d0383069f189da.js:29
aa @ vendor-85d0383069f189da.js:29
ao @ vendor-85d0383069f189da.js:29
aa @ vendor-85d0383069f189da.js:29
ao @ vendor-85d0383069f189da.js:29
aa @ vendor-85d0383069f189da.js:29
ao @ vendor-85d0383069f189da.js:29
aa @ vendor-85d0383069f189da.js:29
ao @ vendor-85d0383069f189da.js:29
aa @ vendor-85d0383069f189da.js:29
ao @ vendor-85d0383069f189da.js:29
aa @ vendor-85d0383069f189da.js:29
ao @ vendor-85d0383069f189da.js:29
aa @ vendor-85d0383069f189da.js:29
ao @ vendor-85d0383069f189da.js:29
aa @ vendor-85d0383069f189da.js:29
ao @ vendor-85d0383069f189da.js:29
aa @ vendor-85d0383069f189da.js:29
ao @ vendor-85d0383069f189da.js:29
aa @ vendor-85d0383069f189da.js:29
ao @ vendor-85d0383069f189da.js:29
aa @ vendor-85d0383069f189da.js:29
ao @ vendor-85d0383069f189da.js:29
aa @ vendor-85d0383069f189da.js:29
ao @ vendor-85d0383069f189da.js:29
aa @ vendor-85d0383069f189da.js:29
ao @ vendor-85d0383069f189da.js:29
aa @ vendor-85d0383069f189da.js:29
ao @ vendor-85d0383069f189da.js:29
aa @ vendor-85d0383069f189da.js:29
ao @ vendor-85d0383069f189da.js:29
aa @ vendor-85d0383069f189da.js:29
ao @ vendor-85d0383069f189da.js:29
aa @ vendor-85d0383069f189da.js:29
ao @ vendor-85d0383069f189da.js:29
aa @ vendor-85d0383069f189da.js:29
ao @ vendor-85d0383069f189da.js:29
aa @ vendor-85d0383069f189da.js:29
ao @ vendor-85d0383069f189da.js:29
aa @ vendor-85d0383069f189da.js:29
lf @ vendor-85d0383069f189da.js:29
a @ vendor-85d0383069f189da.js:29
_ @ vendor-85d0383069f189da.js:28
login:16 FID: 1.199999988079071
vendor-85d0383069f189da.js:29 XHR finished loading: POST "https://www.squarefooot.com/api/v1/auth/login".
(anonymous) @ vendor-85d0383069f189da.js:29
xhr @ vendor-85d0383069f189da.js:29
tr @ vendor-85d0383069f189da.js:29
Promise.then
_request @ vendor-85d0383069f189da.js:29
request @ vendor-85d0383069f189da.js:29
(anonymous) @ vendor-85d0383069f189da.js:29
(anonymous) @ vendor-85d0383069f189da.js:29
login @ common-da01ee9d6c5cb44c.js:1
mutationFn @ common-da01ee9d6c5cb44c.js:1
fn @ vendor-85d0383069f189da.js:29
y @ vendor-85d0383069f189da.js:29
start @ vendor-85d0383069f189da.js:29
execute @ vendor-85d0383069f189da.js:29
await in execute
mutate @ vendor-85d0383069f189da.js:29
(anonymous) @ common-da01ee9d6c5cb44c.js:1
M @ page-181623f2d16c4407.js:1
(anonymous) @ vendor-85d0383069f189da.js:29
await in (anonymous)
oT @ vendor-85d0383069f189da.js:29
oZ @ vendor-85d0383069f189da.js:29
(anonymous) @ vendor-85d0383069f189da.js:29
uR @ vendor-85d0383069f189da.js:29
uA @ vendor-85d0383069f189da.js:29
(anonymous) @ vendor-85d0383069f189da.js:29
a6 @ vendor-85d0383069f189da.js:29
lB @ vendor-85d0383069f189da.js:29
uz @ vendor-85d0383069f189da.js:29
sI @ vendor-85d0383069f189da.js:29
sA @ vendor-85d0383069f189da.js:29
vendor-85d0383069f189da.js:29  GET https://www.squarefooot.com/api/v1/auth/me 401 (Unauthorized)
(anonymous) @ vendor-85d0383069f189da.js:29
xhr @ vendor-85d0383069f189da.js:29
tr @ vendor-85d0383069f189da.js:29
Promise.then
_request @ vendor-85d0383069f189da.js:29
request @ vendor-85d0383069f189da.js:29
tu.<computed> @ vendor-85d0383069f189da.js:29
(anonymous) @ vendor-85d0383069f189da.js:29
profile @ common-da01ee9d6c5cb44c.js:1
queryFn @ common-da01ee9d6c5cb44c.js:1
a @ vendor-85d0383069f189da.js:29
y @ vendor-85d0383069f189da.js:29
start @ vendor-85d0383069f189da.js:29
fetch @ vendor-85d0383069f189da.js:29
#H @ vendor-85d0383069f189da.js:29
setOptions @ vendor-85d0383069f189da.js:29
(anonymous) @ vendor-85d0383069f189da.js:29
oq @ vendor-85d0383069f189da.js:29
an @ vendor-85d0383069f189da.js:29
aa @ vendor-85d0383069f189da.js:29
ao @ vendor-85d0383069f189da.js:29
aa @ vendor-85d0383069f189da.js:29
ao @ vendor-85d0383069f189da.js:29
aa @ vendor-85d0383069f189da.js:29
ao @ vendor-85d0383069f189da.js:29
aa @ vendor-85d0383069f189da.js:29
ao @ vendor-85d0383069f189da.js:29
aa @ vendor-85d0383069f189da.js:29
ao @ vendor-85d0383069f189da.js:29
aa @ vendor-85d0383069f189da.js:29
ao @ vendor-85d0383069f189da.js:29
aa @ vendor-85d0383069f189da.js:29
ao @ vendor-85d0383069f189da.js:29
aa @ vendor-85d0383069f189da.js:29
ao @ vendor-85d0383069f189da.js:29
aa @ vendor-85d0383069f189da.js:29
ao @ vendor-85d0383069f189da.js:29
aa @ vendor-85d0383069f189da.js:29
ao @ vendor-85d0383069f189da.js:29
aa @ vendor-85d0383069f189da.js:29
ao @ vendor-85d0383069f189da.js:29
aa @ vendor-85d0383069f189da.js:29
ao @ vendor-85d0383069f189da.js:29
aa @ vendor-85d0383069f189da.js:29
ao @ vendor-85d0383069f189da.js:29
aa @ vendor-85d0383069f189da.js:29
ao @ vendor-85d0383069f189da.js:29
aa @ vendor-85d0383069f189da.js:29
ao @ vendor-85d0383069f189da.js:29
aa @ vendor-85d0383069f189da.js:29
ao @ vendor-85d0383069f189da.js:29
aa @ vendor-85d0383069f189da.js:29
ao @ vendor-85d0383069f189da.js:29
aa @ vendor-85d0383069f189da.js:29
ao @ vendor-85d0383069f189da.js:29
aa @ vendor-85d0383069f189da.js:29
ao @ vendor-85d0383069f189da.js:29
aa @ vendor-85d0383069f189da.js:29
ao @ vendor-85d0383069f189da.js:29
aa @ vendor-85d0383069f189da.js:29
ao @ vendor-85d0383069f189da.js:29
aa @ vendor-85d0383069f189da.js:29
ao @ vendor-85d0383069f189da.js:29
aa @ vendor-85d0383069f189da.js:29
ao @ vendor-85d0383069f189da.js:29
aa @ vendor-85d0383069f189da.js:29
ao @ vendor-85d0383069f189da.js:29
aa @ vendor-85d0383069f189da.js:29
ao @ vendor-85d0383069f189da.js:29
aa @ vendor-85d0383069f189da.js:29
ao @ vendor-85d0383069f189da.js:29
aa @ vendor-85d0383069f189da.js:29
ao @ vendor-85d0383069f189da.js:29
aa @ vendor-85d0383069f189da.js:29
ao @ vendor-85d0383069f189da.js:29
aa @ vendor-85d0383069f189da.js:29
ao @ vendor-85d0383069f189da.js:29
aa @ vendor-85d0383069f189da.js:29
ao @ vendor-85d0383069f189da.js:29
aa @ vendor-85d0383069f189da.js:29
ao @ vendor-85d0383069f189da.js:29
aa @ vendor-85d0383069f189da.js:29
ao @ vendor-85d0383069f189da.js:29
aa @ vendor-85d0383069f189da.js:29
ao @ vendor-85d0383069f189da.js:29
aa @ vendor-85d0383069f189da.js:29
ao @ vendor-85d0383069f189da.js:29
aa @ vendor-85d0383069f189da.js:29
ao @ vendor-85d0383069f189da.js:29
aa @ vendor-85d0383069f189da.js:29
ao @ vendor-85d0383069f189da.js:29
aa @ vendor-85d0383069f189da.js:29
ao @ vendor-85d0383069f189da.js:29
aa @ vendor-85d0383069f189da.js:29
ao @ vendor-85d0383069f189da.js:29
aa @ vendor-85d0383069f189da.js:29
ao @ vendor-85d0383069f189da.js:29
aa @ vendor-85d0383069f189da.js:29
ao @ vendor-85d0383069f189da.js:29
aa @ vendor-85d0383069f189da.js:29
lf @ vendor-85d0383069f189da.js:29
(anonymous) @ vendor-85d0383069f189da.js:29
lc @ vendor-85d0383069f189da.js:29
nb @ vendor-85d0383069f189da.js:29
nx @ vendor-85d0383069f189da.js:29
(anonymous) @ vendor-85d0383069f189da.js:29
setTimeout
o @ vendor-85d0383069f189da.js:29
l @ vendor-85d0383069f189da.js:29
batch @ vendor-85d0383069f189da.js:29
#a @ vendor-85d0383069f189da.js:29
execute @ vendor-85d0383069f189da.js:29
await in execute
mutate @ vendor-85d0383069f189da.js:29
(anonymous) @ common-da01ee9d6c5cb44c.js:1
M @ page-181623f2d16c4407.js:1
(anonymous) @ vendor-85d0383069f189da.js:29
await in (anonymous)
oT @ vendor-85d0383069f189da.js:29
oZ @ vendor-85d0383069f189da.js:29
(anonymous) @ vendor-85d0383069f189da.js:29
uR @ vendor-85d0383069f189da.js:29
uA @ vendor-85d0383069f189da.js:29
(anonymous) @ vendor-85d0383069f189da.js:29
a6 @ vendor-85d0383069f189da.js:29
lB @ vendor-85d0383069f189da.js:29
uz @ vendor-85d0383069f189da.js:29
sI @ vendor-85d0383069f189da.js:29
sA @ vendor-85d0383069f189da.js:29
vendor-85d0383069f189da.js:29 XHR failed loading: GET "https://www.squarefooot.com/api/v1/auth/me".
(anonymous) @ vendor-85d0383069f189da.js:29
xhr @ vendor-85d0383069f189da.js:29
tr @ vendor-85d0383069f189da.js:29
Promise.then
_request @ vendor-85d0383069f189da.js:29
request @ vendor-85d0383069f189da.js:29
tu.<computed> @ vendor-85d0383069f189da.js:29
(anonymous) @ vendor-85d0383069f189da.js:29
profile @ common-da01ee9d6c5cb44c.js:1
queryFn @ common-da01ee9d6c5cb44c.js:1
a @ vendor-85d0383069f189da.js:29
y @ vendor-85d0383069f189da.js:29
start @ vendor-85d0383069f189da.js:29
fetch @ vendor-85d0383069f189da.js:29
#H @ vendor-85d0383069f189da.js:29
setOptions @ vendor-85d0383069f189da.js:29
(anonymous) @ vendor-85d0383069f189da.js:29
oq @ vendor-85d0383069f189da.js:29
an @ vendor-85d0383069f189da.js:29
aa @ vendor-85d0383069f189da.js:29
ao @ vendor-85d0383069f189da.js:29
aa @ vendor-85d0383069f189da.js:29
ao @ vendor-85d0383069f189da.js:29
aa @ vendor-85d0383069f189da.js:29
ao @ vendor-85d0383069f189da.js:29
aa @ vendor-85d0383069f189da.js:29
ao @ vendor-85d0383069f189da.js:29
aa @ vendor-85d0383069f189da.js:29
ao @ vendor-85d0383069f189da.js:29
aa @ vendor-85d0383069f189da.js:29
ao @ vendor-85d0383069f189da.js:29
aa @ vendor-85d0383069f189da.js:29
ao @ vendor-85d0383069f189da.js:29
aa @ vendor-85d0383069f189da.js:29
ao @ vendor-85d0383069f189da.js:29
aa @ vendor-85d0383069f189da.js:29
ao @ vendor-85d0383069f189da.js:29
aa @ vendor-85d0383069f189da.js:29
ao @ vendor-85d0383069f189da.js:29
aa @ vendor-85d0383069f189da.js:29
ao @ vendor-85d0383069f189da.js:29
aa @ vendor-85d0383069f189da.js:29
ao @ vendor-85d0383069f189da.js:29
aa @ vendor-85d0383069f189da.js:29
ao @ vendor-85d0383069f189da.js:29
aa @ vendor-85d0383069f189da.js:29
ao @ vendor-85d0383069f189da.js:29
aa @ vendor-85d0383069f189da.js:29
ao @ vendor-85d0383069f189da.js:29
aa @ vendor-85d0383069f189da.js:29
ao @ vendor-85d0383069f189da.js:29
aa @ vendor-85d0383069f189da.js:29
ao @ vendor-85d0383069f189da.js:29
aa @ vendor-85d0383069f189da.js:29
ao @ vendor-85d0383069f189da.js:29
aa @ vendor-85d0383069f189da.js:29
ao @ vendor-85d0383069f189da.js:29
aa @ vendor-85d0383069f189da.js:29
ao @ vendor-85d0383069f189da.js:29
aa @ vendor-85d0383069f189da.js:29
ao @ vendor-85d0383069f189da.js:29
aa @ vendor-85d0383069f189da.js:29
ao @ vendor-85d0383069f189da.js:29
aa @ vendor-85d0383069f189da.js:29
ao @ vendor-85d0383069f189da.js:29
aa @ vendor-85d0383069f189da.js:29
ao @ vendor-85d0383069f189da.js:29
aa @ vendor-85d0383069f189da.js:29
ao @ vendor-85d0383069f189da.js:29
aa @ vendor-85d0383069f189da.js:29
ao @ vendor-85d0383069f189da.js:29
aa @ vendor-85d0383069f189da.js:29
ao @ vendor-85d0383069f189da.js:29
aa @ vendor-85d0383069f189da.js:29
ao @ vendor-85d0383069f189da.js:29
aa @ vendor-85d0383069f189da.js:29
ao @ vendor-85d0383069f189da.js:29
aa @ vendor-85d0383069f189da.js:29
ao @ vendor-85d0383069f189da.js:29
aa @ vendor-85d0383069f189da.js:29
ao @ vendor-85d0383069f189da.js:29
aa @ vendor-85d0383069f189da.js:29
ao @ vendor-85d0383069f189da.js:29
aa @ vendor-85d0383069f189da.js:29
ao @ vendor-85d0383069f189da.js:29
aa @ vendor-85d0383069f189da.js:29
ao @ vendor-85d0383069f189da.js:29
aa @ vendor-85d0383069f189da.js:29
ao @ vendor-85d0383069f189da.js:29
aa @ vendor-85d0383069f189da.js:29
ao @ vendor-85d0383069f189da.js:29
aa @ vendor-85d0383069f189da.js:29
ao @ vendor-85d0383069f189da.js:29
aa @ vendor-85d0383069f189da.js:29
ao @ vendor-85d0383069f189da.js:29
aa @ vendor-85d0383069f189da.js:29
ao @ vendor-85d0383069f189da.js:29
aa @ vendor-85d0383069f189da.js:29
ao @ vendor-85d0383069f189da.js:29
aa @ vendor-85d0383069f189da.js:29
lf @ vendor-85d0383069f189da.js:29
(anonymous) @ vendor-85d0383069f189da.js:29
lc @ vendor-85d0383069f189da.js:29
nb @ vendor-85d0383069f189da.js:29
nx @ vendor-85d0383069f189da.js:29
(anonymous) @ vendor-85d0383069f189da.js:29
setTimeout
o @ vendor-85d0383069f189da.js:29
l @ vendor-85d0383069f189da.js:29
batch @ vendor-85d0383069f189da.js:29
#a @ vendor-85d0383069f189da.js:29
execute @ vendor-85d0383069f189da.js:29
await in execute
mutate @ vendor-85d0383069f189da.js:29
(anonymous) @ common-da01ee9d6c5cb44c.js:1
M @ page-181623f2d16c4407.js:1
(anonymous) @ vendor-85d0383069f189da.js:29
await in (anonymous)
oT @ vendor-85d0383069f189da.js:29
oZ @ vendor-85d0383069f189da.js:29
(anonymous) @ vendor-85d0383069f189da.js:29
uR @ vendor-85d0383069f189da.js:29
uA @ vendor-85d0383069f189da.js:29
(anonymous) @ vendor-85d0383069f189da.js:29
a6 @ vendor-85d0383069f189da.js:29
lB @ vendor-85d0383069f189da.js:29
uz @ vendor-85d0383069f189da.js:29
sI @ vendor-85d0383069f189da.js:29
sA @ vendor-85d0383069f189da.js:29
Navigated to https://www.squarefooot.com/login
vendor-85d0383069f189da.js:29 Uncaught Error: Minified React error #418; visit https://react.dev/errors/418 for the full message or use the non-minified dev environment for full errors and additional helpful warnings.
    at t7 (vendor-85d0383069f189da.js:29:377062)
    at lQ (vendor-85d0383069f189da.js:29:472927)
    at la (vendor-85d0383069f189da.js:29:447554)
    at vendor-85d0383069f189da.js:29:443480
    at vendor-85d0383069f189da.js:29:443487
    at a0 (vendor-85d0383069f189da.js:29:443592)
    at MessagePort._ (vendor-85d0383069f189da.js:28:379093)
t7 @ vendor-85d0383069f189da.js:29
lQ @ vendor-85d0383069f189da.js:29
la @ vendor-85d0383069f189da.js:29
(anonymous) @ vendor-85d0383069f189da.js:29
(anonymous) @ vendor-85d0383069f189da.js:29
a0 @ vendor-85d0383069f189da.js:29
_ @ vendor-85d0383069f189da.js:28
vendor-85d0383069f189da.js:29 Uncaught Error: Minified React error #418; visit https://react.dev/errors/418 for the full message or use the non-minified dev environment for full errors and additional helpful warnings.
    at t7 (vendor-85d0383069f189da.js:29:377062)
    at lQ (vendor-85d0383069f189da.js:29:472927)
    at la (vendor-85d0383069f189da.js:29:447554)
    at vendor-85d0383069f189da.js:29:443480
    at vendor-85d0383069f189da.js:29:443487
    at a0 (vendor-85d0383069f189da.js:29:443592)
    at MessagePort._ (vendor-85d0383069f189da.js:28:379093)
t7 @ vendor-85d0383069f189da.js:29
lQ @ vendor-85d0383069f189da.js:29
la @ vendor-85d0383069f189da.js:29
(anonymous) @ vendor-85d0383069f189da.js:29
(anonymous) @ vendor-85d0383069f189da.js:29
a0 @ vendor-85d0383069f189da.js:29
_ @ vendor-85d0383069f189da.js:28
vendor-85d0383069f189da.js:29 Uncaught Error: Minified React error #418; visit https://react.dev/errors/418 for the full message or use the non-minified dev environment for full errors and additional helpful warnings.
    at t7 (vendor-85d0383069f189da.js:29:377062)
    at lQ (vendor-85d0383069f189da.js:29:472927)
    at la (vendor-85d0383069f189da.js:29:447554)
    at vendor-85d0383069f189da.js:29:443480
    at vendor-85d0383069f189da.js:29:443487
    at a0 (vendor-85d0383069f189da.js:29:443592)
    at MessagePort._ (vendor-85d0383069f189da.js:28:379093)
t7 @ vendor-85d0383069f189da.js:29
lQ @ vendor-85d0383069f189da.js:29
la @ vendor-85d0383069f189da.js:29
(anonymous) @ vendor-85d0383069f189da.js:29
(anonymous) @ vendor-85d0383069f189da.js:29
a0 @ vendor-85d0383069f189da.js:29
_ @ vendor-85d0383069f189da.js:28
vendor-85d0383069f189da.js:29 Uncaught Error: Minified React error #418; visit https://react.dev/errors/418 for the full message or use the non-minified dev environment for full errors and additional helpful warnings.
    at t7 (vendor-85d0383069f189da.js:29:377062)
    at lQ (vendor-85d0383069f189da.js:29:472927)
    at la (vendor-85d0383069f189da.js:29:447554)
    at vendor-85d0383069f189da.js:29:443480
    at vendor-85d0383069f189da.js:29:443487
    at a0 (vendor-85d0383069f189da.js:29:443592)
    at MessagePort._ (vendor-85d0383069f189da.js:28:379093)
t7 @ vendor-85d0383069f189da.js:29
lQ @ vendor-85d0383069f189da.js:29
la @ vendor-85d0383069f189da.js:29
(anonymous) @ vendor-85d0383069f189da.js:29
(anonymous) @ vendor-85d0383069f189da.js:29
a0 @ vendor-85d0383069f189da.js:29
_ @ vendor-85d0383069f189da.js:28
vendor-85d0383069f189da.js:29 Uncaught Error: Minified React error #418; visit https://react.dev/errors/418 for the full message or use the non-minified dev environment for full errors and additional helpful warnings.
    at t7 (vendor-85d0383069f189da.js:29:377062)
    at lQ (vendor-85d0383069f189da.js:29:472927)
    at la (vendor-85d0383069f189da.js:29:447554)
    at vendor-85d0383069f189da.js:29:443480
    at vendor-85d0383069f189da.js:29:443487
    at a0 (vendor-85d0383069f189da.js:29:443592)
    at MessagePort._ (vendor-85d0383069f189da.js:28:379093)
t7 @ vendor-85d0383069f189da.js:29
lQ @ vendor-85d0383069f189da.js:29
la @ vendor-85d0383069f189da.js:29
(anonymous) @ vendor-85d0383069f189da.js:29
(anonymous) @ vendor-85d0383069f189da.js:29
a0 @ vendor-85d0383069f189da.js:29
_ @ vendor-85d0383069f189da.js:28
vendor-85d0383069f189da.js:29 Uncaught Error: Minified React error #418; visit https://react.dev/errors/418 for the full message or use the non-minified dev environment for full errors and additional helpful warnings.
    at t7 (vendor-85d0383069f189da.js:29:377062)
    at lQ (vendor-85d0383069f189da.js:29:472927)
    at la (vendor-85d0383069f189da.js:29:447554)
    at vendor-85d0383069f189da.js:29:443480
    at vendor-85d0383069f189da.js:29:443487
    at a0 (vendor-85d0383069f189da.js:29:443592)
    at MessagePort._ (vendor-85d0383069f189da.js:28:379093)
t7 @ vendor-85d0383069f189da.js:29
lQ @ vendor-85d0383069f189da.js:29
la @ vendor-85d0383069f189da.js:29
(anonymous) @ vendor-85d0383069f189da.js:29
(anonymous) @ vendor-85d0383069f189da.js:29
a0 @ vendor-85d0383069f189da.js:29
_ @ vendor-85d0383069f189da.js:28
vendor-85d0383069f189da.js:29 Uncaught Error: Minified React error #418; visit https://react.dev/errors/418 for the full message or use the non-minified dev environment for full errors and additional helpful warnings.
    at t7 (vendor-85d0383069f189da.js:29:377062)
    at lQ (vendor-85d0383069f189da.js:29:472927)
    at la (vendor-85d0383069f189da.js:29:447554)
    at vendor-85d0383069f189da.js:29:443480
    at vendor-85d0383069f189da.js:29:443487
    at a0 (vendor-85d0383069f189da.js:29:443592)
    at MessagePort._ (vendor-85d0383069f189da.js:28:379093)
t7 @ vendor-85d0383069f189da.js:29
lQ @ vendor-85d0383069f189da.js:29
la @ vendor-85d0383069f189da.js:29
(anonymous) @ vendor-85d0383069f189da.js:29
(anonymous) @ vendor-85d0383069f189da.js:29
a0 @ vendor-85d0383069f189da.js:29
_ @ vendor-85d0383069f189da.js:28
vendor-85d0383069f189da.js:29 Uncaught Error: Minified React error #418; visit https://react.dev/errors/418 for the full message or use the non-minified dev environment for full errors and additional helpful warnings.
    at t7 (vendor-85d0383069f189da.js:29:377062)
    at lQ (vendor-85d0383069f189da.js:29:472927)
    at la (vendor-85d0383069f189da.js:29:447554)
    at vendor-85d0383069f189da.js:29:443480
    at vendor-85d0383069f189da.js:29:443487
    at a0 (vendor-85d0383069f189da.js:29:443592)
    at MessagePort._ (vendor-85d0383069f189da.js:28:379093)
t7 @ vendor-85d0383069f189da.js:29
lQ @ vendor-85d0383069f189da.js:29
la @ vendor-85d0383069f189da.js:29
(anonymous) @ vendor-85d0383069f189da.js:29
(anonymous) @ vendor-85d0383069f189da.js:29
a0 @ vendor-85d0383069f189da.js:29
_ @ vendor-85d0383069f189da.js:28
vendor-85d0383069f189da.js:29 Uncaught Error: Minified React error #423; visit https://react.dev/errors/423 for the full message or use the non-minified dev environment for full errors and additional helpful warnings.
    at lQ (vendor-85d0383069f189da.js:29:470741)
    at la (vendor-85d0383069f189da.js:29:447554)
    at vendor-85d0383069f189da.js:29:447376
    at lo (vendor-85d0383069f189da.js:29:447383)
    at a1 (vendor-85d0383069f189da.js:29:444739)
    at a0 (vendor-85d0383069f189da.js:29:444158)
    at MessagePort._ (vendor-85d0383069f189da.js:28:379093)
lQ @ vendor-85d0383069f189da.js:29
la @ vendor-85d0383069f189da.js:29
(anonymous) @ vendor-85d0383069f189da.js:29
lo @ vendor-85d0383069f189da.js:29
a1 @ vendor-85d0383069f189da.js:29
a0 @ vendor-85d0383069f189da.js:29
_ @ vendor-85d0383069f189da.js:28
vendor-85d0383069f189da.js:29 Uncaught Error: Minified React error #423; visit https://react.dev/errors/423 for the full message or use the non-minified dev environment for full errors and additional helpful warnings.
    at lQ (vendor-85d0383069f189da.js:29:470741)
    at la (vendor-85d0383069f189da.js:29:447554)
    at vendor-85d0383069f189da.js:29:447376
    at lo (vendor-85d0383069f189da.js:29:447383)
    at a1 (vendor-85d0383069f189da.js:29:444739)
    at a0 (vendor-85d0383069f189da.js:29:444158)
    at MessagePort._ (vendor-85d0383069f189da.js:28:379093)
lQ @ vendor-85d0383069f189da.js:29
la @ vendor-85d0383069f189da.js:29
(anonymous) @ vendor-85d0383069f189da.js:29
lo @ vendor-85d0383069f189da.js:29
a1 @ vendor-85d0383069f189da.js:29
a0 @ vendor-85d0383069f189da.js:29
_ @ vendor-85d0383069f189da.js:28
VM707 login:9 LCP: 652
Fetch finished loading: GET "<URL>".
Fetch finished loading: GET "<URL>".
Fetch finished loading: GET "<URL>".
Fetch finished loading: GET "<URL>".
Fetch finished loading: GET "<URL>".
Fetch finished loading: GET "<URL>".
Fetch finished loading: GET "<URL>".
Fetch finished loading: GET "<URL>".
Fetch finished loading: GET "<URL>".
Fetch finished loading: GET "<URL>".
Fetch finished loading: GET "<URL>".
Fetch finished loading: GET "<URL>".
Fetch finished loading: GET "<URL>".
Fetch finished loading: GET "<URL>".
Fetch finished loading: GET "<URL>".
Fetch finished loading: GET "<URL>".
vendor-85d0383069f189da.js:28 Fetch failed loading: GET "https://www.squarefooot.com/properties?_rsc=7khhj".
c @ vendor-85d0383069f189da.js:28
(anonymous) @ vendor-85d0383069f189da.js:28
o @ vendor-85d0383069f189da.js:28
c @ vendor-85d0383069f189da.js:28
enqueue @ vendor-85d0383069f189da.js:28
c @ vendor-85d0383069f189da.js:28
s @ vendor-85d0383069f189da.js:28
l @ vendor-85d0383069f189da.js:28
d @ vendor-85d0383069f189da.js:28
action @ vendor-85d0383069f189da.js:29
u @ vendor-85d0383069f189da.js:29
s @ vendor-85d0383069f189da.js:29
u @ vendor-85d0383069f189da.js:29
Promise.then
u @ vendor-85d0383069f189da.js:29
(anonymous) @ vendor-85d0383069f189da.js:29
dispatch @ vendor-85d0383069f189da.js:29
(anonymous) @ vendor-85d0383069f189da.js:28
(anonymous) @ vendor-85d0383069f189da.js:28
t.startTransition @ vendor-85d0383069f189da.js:29
prefetch @ vendor-85d0383069f189da.js:28
(anonymous) @ vendor-85d0383069f189da.js:28
y @ vendor-85d0383069f189da.js:28
(anonymous) @ vendor-85d0383069f189da.js:28
oq @ vendor-85d0383069f189da.js:29
an @ vendor-85d0383069f189da.js:29
aa @ vendor-85d0383069f189da.js:29
ao @ vendor-85d0383069f189da.js:29
aa @ vendor-85d0383069f189da.js:29
ao @ vendor-85d0383069f189da.js:29
aa @ vendor-85d0383069f189da.js:29
ao @ vendor-85d0383069f189da.js:29
aa @ vendor-85d0383069f189da.js:29
ao @ vendor-85d0383069f189da.js:29
aa @ vendor-85d0383069f189da.js:29
ao @ vendor-85d0383069f189da.js:29
aa @ vendor-85d0383069f189da.js:29
ao @ vendor-85d0383069f189da.js:29
aa @ vendor-85d0383069f189da.js:29
ao @ vendor-85d0383069f189da.js:29
aa @ vendor-85d0383069f189da.js:29
ao @ vendor-85d0383069f189da.js:29
aa @ vendor-85d0383069f189da.js:29
ao @ vendor-85d0383069f189da.js:29
aa @ vendor-85d0383069f189da.js:29
ao @ vendor-85d0383069f189da.js:29
aa @ vendor-85d0383069f189da.js:29
ao @ vendor-85d0383069f189da.js:29
aa @ vendor-85d0383069f189da.js:29
ao @ vendor-85d0383069f189da.js:29
aa @ vendor-85d0383069f189da.js:29
ao @ vendor-85d0383069f189da.js:29
aa @ vendor-85d0383069f189da.js:29
ao @ vendor-85d0383069f189da.js:29
aa @ vendor-85d0383069f189da.js:29
ao @ vendor-85d0383069f189da.js:29
aa @ vendor-85d0383069f189da.js:29
ao @ vendor-85d0383069f189da.js:29
aa @ vendor-85d0383069f189da.js:29
ao @ vendor-85d0383069f189da.js:29
aa @ vendor-85d0383069f189da.js:29
ao @ vendor-85d0383069f189da.js:29
aa @ vendor-85d0383069f189da.js:29
ao @ vendor-85d0383069f189da.js:29
aa @ vendor-85d0383069f189da.js:29
ao @ vendor-85d0383069f189da.js:29
aa @ vendor-85d0383069f189da.js:29
ao @ vendor-85d0383069f189da.js:29
aa @ vendor-85d0383069f189da.js:29
ao @ vendor-85d0383069f189da.js:29
aa @ vendor-85d0383069f189da.js:29
ao @ vendor-85d0383069f189da.js:29
aa @ vendor-85d0383069f189da.js:29
ao @ vendor-85d0383069f189da.js:29
aa @ vendor-85d0383069f189da.js:29
ao @ vendor-85d0383069f189da.js:29
aa @ vendor-85d0383069f189da.js:29
ao @ vendor-85d0383069f189da.js:29
aa @ vendor-85d0383069f189da.js:29
ao @ vendor-85d0383069f189da.js:29
aa @ vendor-85d0383069f189da.js:29
ao @ vendor-85d0383069f189da.js:29
aa @ vendor-85d0383069f189da.js:29
ao @ vendor-85d0383069f189da.js:29
aa @ vendor-85d0383069f189da.js:29
ao @ vendor-85d0383069f189da.js:29
aa @ vendor-85d0383069f189da.js:29
ao @ vendor-85d0383069f189da.js:29
aa @ vendor-85d0383069f189da.js:29
ao @ vendor-85d0383069f189da.js:29
aa @ vendor-85d0383069f189da.js:29
ao @ vendor-85d0383069f189da.js:29
aa @ vendor-85d0383069f189da.js:29
ao @ vendor-85d0383069f189da.js:29
aa @ vendor-85d0383069f189da.js:29
ao @ vendor-85d0383069f189da.js:29
aa @ vendor-85d0383069f189da.js:29
ao @ vendor-85d0383069f189da.js:29
aa @ vendor-85d0383069f189da.js:29
ao @ vendor-85d0383069f189da.js:29
aa @ vendor-85d0383069f189da.js:29
ao @ vendor-85d0383069f189da.js:29
aa @ vendor-85d0383069f189da.js:29
ao @ vendor-85d0383069f189da.js:29
aa @ vendor-85d0383069f189da.js:29
ao @ vendor-85d0383069f189da.js:29
aa @ vendor-85d0383069f189da.js:29
ao @ vendor-85d0383069f189da.js:29
aa @ vendor-85d0383069f189da.js:29
ao @ vendor-85d0383069f189da.js:29
aa @ vendor-85d0383069f189da.js:29
ao @ vendor-85d0383069f189da.js:29
aa @ vendor-85d0383069f189da.js:29
ao @ vendor-85d0383069f189da.js:29
aa @ vendor-85d0383069f189da.js:29
ao @ vendor-85d0383069f189da.js:29
aa @ vendor-85d0383069f189da.js:29
ao @ vendor-85d0383069f189da.js:29
aa @ vendor-85d0383069f189da.js:29
ao @ vendor-85d0383069f189da.js:29
aa @ vendor-85d0383069f189da.js:29
ao @ vendor-85d0383069f189da.js:29
aa @ vendor-85d0383069f189da.js:29
ao @ vendor-85d0383069f189da.js:29
aa @ vendor-85d0383069f189da.js:29
ao @ vendor-85d0383069f189da.js:29
aa @ vendor-85d0383069f189da.js:29
ao @ vendor-85d0383069f189da.js:29
aa @ vendor-85d0383069f189da.js:29
ao @ vendor-85d0383069f189da.js:29
aa @ vendor-85d0383069f189da.js:29
ao @ vendor-85d0383069f189da.js:29
aa @ vendor-85d0383069f189da.js:29
ao @ vendor-85d0383069f189da.js:29
aa @ vendor-85d0383069f189da.js:29
ao @ vendor-85d0383069f189da.js:29
aa @ vendor-85d0383069f189da.js:29
lf @ vendor-85d0383069f189da.js:29
a @ vendor-85d0383069f189da.js:29
_ @ vendor-85d0383069f189da.js:28
VM707 login:16 FID: 2.400000035762787
vendor-85d0383069f189da.js:29 XHR finished loading: GET "https://www.squarefooot.com/api/v1/subscriptions".
(anonymous) @ vendor-85d0383069f189da.js:29
xhr @ vendor-85d0383069f189da.js:29
tr @ vendor-85d0383069f189da.js:29
Promise.then
_request @ vendor-85d0383069f189da.js:29
request @ vendor-85d0383069f189da.js:29
tu.<computed> @ vendor-85d0383069f189da.js:29
(anonymous) @ vendor-85d0383069f189da.js:29
plans @ common-da01ee9d6c5cb44c.js:1
queryFn @ common-da01ee9d6c5cb44c.js:1
a @ vendor-85d0383069f189da.js:29
y @ vendor-85d0383069f189da.js:29
start @ vendor-85d0383069f189da.js:29
fetch @ vendor-85d0383069f189da.js:29
#H @ vendor-85d0383069f189da.js:29
onSubscribe @ vendor-85d0383069f189da.js:29
subscribe @ vendor-85d0383069f189da.js:29
(anonymous) @ vendor-85d0383069f189da.js:29
rU @ vendor-85d0383069f189da.js:29
oq @ vendor-85d0383069f189da.js:29
an @ vendor-85d0383069f189da.js:29
aa @ vendor-85d0383069f189da.js:29
ao @ vendor-85d0383069f189da.js:29
aa @ vendor-85d0383069f189da.js:29
ao @ vendor-85d0383069f189da.js:29
aa @ vendor-85d0383069f189da.js:29
ao @ vendor-85d0383069f189da.js:29
aa @ vendor-85d0383069f189da.js:29
ao @ vendor-85d0383069f189da.js:29
aa @ vendor-85d0383069f189da.js:29
ao @ vendor-85d0383069f189da.js:29
aa @ vendor-85d0383069f189da.js:29
ao @ vendor-85d0383069f189da.js:29
aa @ vendor-85d0383069f189da.js:29
ao @ vendor-85d0383069f189da.js:29
aa @ vendor-85d0383069f189da.js:29
ao @ vendor-85d0383069f189da.js:29
aa @ vendor-85d0383069f189da.js:29
ao @ vendor-85d0383069f189da.js:29
aa @ vendor-85d0383069f189da.js:29
ao @ vendor-85d0383069f189da.js:29
aa @ vendor-85d0383069f189da.js:29
ao @ vendor-85d0383069f189da.js:29
aa @ vendor-85d0383069f189da.js:29
ao @ vendor-85d0383069f189da.js:29
aa @ vendor-85d0383069f189da.js:29
ao @ vendor-85d0383069f189da.js:29
aa @ vendor-85d0383069f189da.js:29
ao @ vendor-85d0383069f189da.js:29
aa @ vendor-85d0383069f189da.js:29
ao @ vendor-85d0383069f189da.js:29
aa @ vendor-85d0383069f189da.js:29
ao @ vendor-85d0383069f189da.js:29
aa @ vendor-85d0383069f189da.js:29
ao @ vendor-85d0383069f189da.js:29
aa @ vendor-85d0383069f189da.js:29
ao @ vendor-85d0383069f189da.js:29
aa @ vendor-85d0383069f189da.js:29
ao @ vendor-85d0383069f189da.js:29
aa @ vendor-85d0383069f189da.js:29
ao @ vendor-85d0383069f189da.js:29
aa @ vendor-85d0383069f189da.js:29
ao @ vendor-85d0383069f189da.js:29
aa @ vendor-85d0383069f189da.js:29
ao @ vendor-85d0383069f189da.js:29
aa @ vendor-85d0383069f189da.js:29
ao @ vendor-85d0383069f189da.js:29
aa @ vendor-85d0383069f189da.js:29
ao @ vendor-85d0383069f189da.js:29
aa @ vendor-85d0383069f189da.js:29
ao @ vendor-85d0383069f189da.js:29
aa @ vendor-85d0383069f189da.js:29
ao @ vendor-85d0383069f189da.js:29
aa @ vendor-85d0383069f189da.js:29
ao @ vendor-85d0383069f189da.js:29
aa @ vendor-85d0383069f189da.js:29
ao @ vendor-85d0383069f189da.js:29
aa @ vendor-85d0383069f189da.js:29
ao @ vendor-85d0383069f189da.js:29
aa @ vendor-85d0383069f189da.js:29
ao @ vendor-85d0383069f189da.js:29
aa @ vendor-85d0383069f189da.js:29
ao @ vendor-85d0383069f189da.js:29
aa @ vendor-85d0383069f189da.js:29
ao @ vendor-85d0383069f189da.js:29
aa @ vendor-85d0383069f189da.js:29
ao @ vendor-85d0383069f189da.js:29
aa @ vendor-85d0383069f189da.js:29
ao @ vendor-85d0383069f189da.js:29
aa @ vendor-85d0383069f189da.js:29
ao @ vendor-85d0383069f189da.js:29
aa @ vendor-85d0383069f189da.js:29
ao @ vendor-85d0383069f189da.js:29
aa @ vendor-85d0383069f189da.js:29
ao @ vendor-85d0383069f189da.js:29
aa @ vendor-85d0383069f189da.js:29
ao @ vendor-85d0383069f189da.js:29
aa @ vendor-85d0383069f189da.js:29
ao @ vendor-85d0383069f189da.js:29
aa @ vendor-85d0383069f189da.js:29
ao @ vendor-85d0383069f189da.js:29
aa @ vendor-85d0383069f189da.js:29
ao @ vendor-85d0383069f189da.js:29
aa @ vendor-85d0383069f189da.js:29
ao @ vendor-85d0383069f189da.js:29
aa @ vendor-85d0383069f189da.js:29
ao @ vendor-85d0383069f189da.js:29
aa @ vendor-85d0383069f189da.js:29
ao @ vendor-85d0383069f189da.js:29
aa @ vendor-85d0383069f189da.js:29
ao @ vendor-85d0383069f189da.js:29
aa @ vendor-85d0383069f189da.js:29
ao @ vendor-85d0383069f189da.js:29
aa @ vendor-85d0383069f189da.js:29
ao @ vendor-85d0383069f189da.js:29
aa @ vendor-85d0383069f189da.js:29
ao @ vendor-85d0383069f189da.js:29
aa @ vendor-85d0383069f189da.js:29
ao @ vendor-85d0383069f189da.js:29
aa @ vendor-85d0383069f189da.js:29
ao @ vendor-85d0383069f189da.js:29
aa @ vendor-85d0383069f189da.js:29
ao @ vendor-85d0383069f189da.js:29
aa @ vendor-85d0383069f189da.js:29
ao @ vendor-85d0383069f189da.js:29
aa @ vendor-85d0383069f189da.js:29
ao @ vendor-85d0383069f189da.js:29
aa @ vendor-85d0383069f189da.js:29
ao @ vendor-85d0383069f189da.js:29
aa @ vendor-85d0383069f189da.js:29
ao @ vendor-85d0383069f189da.js:29
aa @ vendor-85d0383069f189da.js:29
ao @ vendor-85d0383069f189da.js:29
aa @ vendor-85d0383069f189da.js:29
ao @ vendor-85d0383069f189da.js:29
aa @ vendor-85d0383069f189da.js:29
ao @ vendor-85d0383069f189da.js:29
aa @ vendor-85d0383069f189da.js:29
ao @ vendor-85d0383069f189da.js:29
aa @ vendor-85d0383069f189da.js:29
ao @ vendor-85d0383069f189da.js:29
aa @ vendor-85d0383069f189da.js:29
ao @ vendor-85d0383069f189da.js:29
aa @ vendor-85d0383069f189da.js:29
ao @ vendor-85d0383069f189da.js:29
aa @ vendor-85d0383069f189da.js:29
ao @ vendor-85d0383069f189da.js:29
aa @ vendor-85d0383069f189da.js:29
ao @ vendor-85d0383069f189da.js:29
aa @ vendor-85d0383069f189da.js:29
ao @ vendor-85d0383069f189da.js:29
aa @ vendor-85d0383069f189da.js:29
ao @ vendor-85d0383069f189da.js:29
aa @ vendor-85d0383069f189da.js:29
ao @ vendor-85d0383069f189da.js:29
aa @ vendor-85d0383069f189da.js:29
ao @ vendor-85d0383069f189da.js:29
aa @ vendor-85d0383069f189da.js:29
ao @ vendor-85d0383069f189da.js:29
aa @ vendor-85d0383069f189da.js:29
ao @ vendor-85d0383069f189da.js:29
aa @ vendor-85d0383069f189da.js:29
ao @ vendor-85d0383069f189da.js:29
aa @ vendor-85d0383069f189da.js:29
ao @ vendor-85d0383069f189da.js:29
aa @ vendor-85d0383069f189da.js:29
ao @ vendor-85d0383069f189da.js:29
aa @ vendor-85d0383069f189da.js:29
ao @ vendor-85d0383069f189da.js:29
aa @ vendor-85d0383069f189da.js:29
ao @ vendor-85d0383069f189da.js:29
aa @ vendor-85d0383069f189da.js:29
ao @ vendor-85d0383069f189da.js:29
aa @ vendor-85d0383069f189da.js:29
ao @ vendor-85d0383069f189da.js:29
aa @ vendor-85d0383069f189da.js:29
ao @ vendor-85d0383069f189da.js:29
aa @ vendor-85d0383069f189da.js:29
lf @ vendor-85d0383069f189da.js:29
a @ vendor-85d0383069f189da.js:29
_ @ vendor-85d0383069f189da.js:28
vendor-85d0383069f189da.js:29 XHR finished loading: GET "https://www.squarefooot.com/api/v1/properties/featured".
(anonymous) @ vendor-85d0383069f189da.js:29
xhr @ vendor-85d0383069f189da.js:29
tr @ vendor-85d0383069f189da.js:29
Promise.then
_request @ vendor-85d0383069f189da.js:29
request @ vendor-85d0383069f189da.js:29
tu.<computed> @ vendor-85d0383069f189da.js:29
(anonymous) @ vendor-85d0383069f189da.js:29
(anonymous) @ common-da01ee9d6c5cb44c.js:1
(anonymous) @ page-94266df628b80b13.js:1
(anonymous) @ page-94266df628b80b13.js:1
oq @ vendor-85d0383069f189da.js:29
an @ vendor-85d0383069f189da.js:29
e @ vendor-85d0383069f189da.js:29
e @ vendor-85d0383069f189da.js:29
e @ vendor-85d0383069f189da.js:29
aa @ vendor-85d0383069f189da.js:29
ao @ vendor-85d0383069f189da.js:29
aa @ vendor-85d0383069f189da.js:29
ao @ vendor-85d0383069f189da.js:29
aa @ vendor-85d0383069f189da.js:29
ao @ vendor-85d0383069f189da.js:29
aa @ vendor-85d0383069f189da.js:29
ao @ vendor-85d0383069f189da.js:29
aa @ vendor-85d0383069f189da.js:29
ao @ vendor-85d0383069f189da.js:29
aa @ vendor-85d0383069f189da.js:29
ao @ vendor-85d0383069f189da.js:29
aa @ vendor-85d0383069f189da.js:29
ao @ vendor-85d0383069f189da.js:29
aa @ vendor-85d0383069f189da.js:29
ao @ vendor-85d0383069f189da.js:29
aa @ vendor-85d0383069f189da.js:29
ao @ vendor-85d0383069f189da.js:29
aa @ vendor-85d0383069f189da.js:29
ao @ vendor-85d0383069f189da.js:29
aa @ vendor-85d0383069f189da.js:29
ao @ vendor-85d0383069f189da.js:29
aa @ vendor-85d0383069f189da.js:29
ao @ vendor-85d0383069f189da.js:29
aa @ vendor-85d0383069f189da.js:29
ao @ vendor-85d0383069f189da.js:29
aa @ vendor-85d0383069f189da.js:29
ao @ vendor-85d0383069f189da.js:29
aa @ vendor-85d0383069f189da.js:29
ao @ vendor-85d0383069f189da.js:29
aa @ vendor-85d0383069f189da.js:29
ao @ vendor-85d0383069f189da.js:29
aa @ vendor-85d0383069f189da.js:29
ao @ vendor-85d0383069f189da.js:29
aa @ vendor-85d0383069f189da.js:29
ao @ vendor-85d0383069f189da.js:29
aa @ vendor-85d0383069f189da.js:29
ao @ vendor-85d0383069f189da.js:29
aa @ vendor-85d0383069f189da.js:29
ao @ vendor-85d0383069f189da.js:29
aa @ vendor-85d0383069f189da.js:29
ao @ vendor-85d0383069f189da.js:29
aa @ vendor-85d0383069f189da.js:29
ao @ vendor-85d0383069f189da.js:29
aa @ vendor-85d0383069f189da.js:29
ao @ vendor-85d0383069f189da.js:29
aa @ vendor-85d0383069f189da.js:29
ao @ vendor-85d0383069f189da.js:29
aa @ vendor-85d0383069f189da.js:29
ao @ vendor-85d0383069f189da.js:29
aa @ vendor-85d0383069f189da.js:29
ao @ vendor-85d0383069f189da.js:29
aa @ vendor-85d0383069f189da.js:29
ao @ vendor-85d0383069f189da.js:29
aa @ vendor-85d0383069f189da.js:29
ao @ vendor-85d0383069f189da.js:29
aa @ vendor-85d0383069f189da.js:29
ao @ vendor-85d0383069f189da.js:29
aa @ vendor-85d0383069f189da.js:29
ao @ vendor-85d0383069f189da.js:29
aa @ vendor-85d0383069f189da.js:29
ao @ vendor-85d0383069f189da.js:29
aa @ vendor-85d0383069f189da.js:29
ao @ vendor-85d0383069f189da.js:29
aa @ vendor-85d0383069f189da.js:29
ao @ vendor-85d0383069f189da.js:29
aa @ vendor-85d0383069f189da.js:29
ao @ vendor-85d0383069f189da.js:29
aa @ vendor-85d0383069f189da.js:29
ao @ vendor-85d0383069f189da.js:29
aa @ vendor-85d0383069f189da.js:29
ao @ vendor-85d0383069f189da.js:29
aa @ vendor-85d0383069f189da.js:29
ao @ vendor-85d0383069f189da.js:29
aa @ vendor-85d0383069f189da.js:29
ao @ vendor-85d0383069f189da.js:29
aa @ vendor-85d0383069f189da.js:29
ao @ vendor-85d0383069f189da.js:29
aa @ vendor-85d0383069f189da.js:29
ao @ vendor-85d0383069f189da.js:29
aa @ vendor-85d0383069f189da.js:29
ao @ vendor-85d0383069f189da.js:29
aa @ vendor-85d0383069f189da.js:29
ao @ vendor-85d0383069f189da.js:29
aa @ vendor-85d0383069f189da.js:29
ao @ vendor-85d0383069f189da.js:29
aa @ vendor-85d0383069f189da.js:29
ao @ vendor-85d0383069f189da.js:29
aa @ vendor-85d0383069f189da.js:29
ao @ vendor-85d0383069f189da.js:29
aa @ vendor-85d0383069f189da.js:29
ao @ vendor-85d0383069f189da.js:29
aa @ vendor-85d0383069f189da.js:29
ao @ vendor-85d0383069f189da.js:29
aa @ vendor-85d0383069f189da.js:29
ao @ vendor-85d0383069f189da.js:29
aa @ vendor-85d0383069f189da.js:29
ao @ vendor-85d0383069f189da.js:29
aa @ vendor-85d0383069f189da.js:29
ao @ vendor-85d0383069f189da.js:29
aa @ vendor-85d0383069f189da.js:29
ao @ vendor-85d0383069f189da.js:29
aa @ vendor-85d0383069f189da.js:29
ao @ vendor-85d0383069f189da.js:29
aa @ vendor-85d0383069f189da.js:29
ao @ vendor-85d0383069f189da.js:29
aa @ vendor-85d0383069f189da.js:29
ao @ vendor-85d0383069f189da.js:29
aa @ vendor-85d0383069f189da.js:29
ao @ vendor-85d0383069f189da.js:29
aa @ vendor-85d0383069f189da.js:29
ao @ vendor-85d0383069f189da.js:29
aa @ vendor-85d0383069f189da.js:29
ao @ vendor-85d0383069f189da.js:29
aa @ vendor-85d0383069f189da.js:29
ao @ vendor-85d0383069f189da.js:29
aa @ vendor-85d0383069f189da.js:29
ao @ vendor-85d0383069f189da.js:29
aa @ vendor-85d0383069f189da.js:29
ao @ vendor-85d0383069f189da.js:29
aa @ vendor-85d0383069f189da.js:29
ao @ vendor-85d0383069f189da.js:29
aa @ vendor-85d0383069f189da.js:29
ao @ vendor-85d0383069f189da.js:29
aa @ vendor-85d0383069f189da.js:29
ao @ vendor-85d0383069f189da.js:29
aa @ vendor-85d0383069f189da.js:29
ao @ vendor-85d0383069f189da.js:29
aa @ vendor-85d0383069f189da.js:29
ao @ vendor-85d0383069f189da.js:29
aa @ vendor-85d0383069f189da.js:29
ao @ vendor-85d0383069f189da.js:29
aa @ vendor-85d0383069f189da.js:29
ao @ vendor-85d0383069f189da.js:29
aa @ vendor-85d0383069f189da.js:29
ao @ vendor-85d0383069f189da.js:29
aa @ vendor-85d0383069f189da.js:29
lf @ vendor-85d0383069f189da.js:29
a @ vendor-85d0383069f189da.js:29
_ @ vendor-85d0383069f189da.js:28
vendor-85d0383069f189da.js:29 XHR finished loading: GET "https://www.squarefooot.com/api/v1/properties?page=1&limit=12".
(anonymous) @ vendor-85d0383069f189da.js:29
xhr @ vendor-85d0383069f189da.js:29
tr @ vendor-85d0383069f189da.js:29
Promise.then
_request @ vendor-85d0383069f189da.js:29
request @ vendor-85d0383069f189da.js:29
tu.<computed> @ vendor-85d0383069f189da.js:29
(anonymous) @ vendor-85d0383069f189da.js:29
(anonymous) @ common-da01ee9d6c5cb44c.js:1
(anonymous) @ page-94266df628b80b13.js:1
oq @ vendor-85d0383069f189da.js:29
an @ vendor-85d0383069f189da.js:29
e @ vendor-85d0383069f189da.js:29
e @ vendor-85d0383069f189da.js:29
e @ vendor-85d0383069f189da.js:29
aa @ vendor-85d0383069f189da.js:29
ao @ vendor-85d0383069f189da.js:29
aa @ vendor-85d0383069f189da.js:29
ao @ vendor-85d0383069f189da.js:29
aa @ vendor-85d0383069f189da.js:29
ao @ vendor-85d0383069f189da.js:29
aa @ vendor-85d0383069f189da.js:29
ao @ vendor-85d0383069f189da.js:29
aa @ vendor-85d0383069f189da.js:29
ao @ vendor-85d0383069f189da.js:29
aa @ vendor-85d0383069f189da.js:29
ao @ vendor-85d0383069f189da.js:29
aa @ vendor-85d0383069f189da.js:29
ao @ vendor-85d0383069f189da.js:29
aa @ vendor-85d0383069f189da.js:29
ao @ vendor-85d0383069f189da.js:29
aa @ vendor-85d0383069f189da.js:29
ao @ vendor-85d0383069f189da.js:29
aa @ vendor-85d0383069f189da.js:29
ao @ vendor-85d0383069f189da.js:29
aa @ vendor-85d0383069f189da.js:29
ao @ vendor-85d0383069f189da.js:29
aa @ vendor-85d0383069f189da.js:29
ao @ vendor-85d0383069f189da.js:29
aa @ vendor-85d0383069f189da.js:29
ao @ vendor-85d0383069f189da.js:29
aa @ vendor-85d0383069f189da.js:29
ao @ vendor-85d0383069f189da.js:29
aa @ vendor-85d0383069f189da.js:29
ao @ vendor-85d0383069f189da.js:29
aa @ vendor-85d0383069f189da.js:29
ao @ vendor-85d0383069f189da.js:29
aa @ vendor-85d0383069f189da.js:29
ao @ vendor-85d0383069f189da.js:29
aa @ vendor-85d0383069f189da.js:29
ao @ vendor-85d0383069f189da.js:29
aa @ vendor-85d0383069f189da.js:29
ao @ vendor-85d0383069f189da.js:29
aa @ vendor-85d0383069f189da.js:29
ao @ vendor-85d0383069f189da.js:29
aa @ vendor-85d0383069f189da.js:29
ao @ vendor-85d0383069f189da.js:29
aa @ vendor-85d0383069f189da.js:29
ao @ vendor-85d0383069f189da.js:29
aa @ vendor-85d0383069f189da.js:29
ao @ vendor-85d0383069f189da.js:29
aa @ vendor-85d0383069f189da.js:29
ao @ vendor-85d0383069f189da.js:29
aa @ vendor-85d0383069f189da.js:29
ao @ vendor-85d0383069f189da.js:29
aa @ vendor-85d0383069f189da.js:29
ao @ vendor-85d0383069f189da.js:29
aa @ vendor-85d0383069f189da.js:29
ao @ vendor-85d0383069f189da.js:29
aa @ vendor-85d0383069f189da.js:29
ao @ vendor-85d0383069f189da.js:29
aa @ vendor-85d0383069f189da.js:29
ao @ vendor-85d0383069f189da.js:29
aa @ vendor-85d0383069f189da.js:29
ao @ vendor-85d0383069f189da.js:29
aa @ vendor-85d0383069f189da.js:29
ao @ vendor-85d0383069f189da.js:29
aa @ vendor-85d0383069f189da.js:29
ao @ vendor-85d0383069f189da.js:29
aa @ vendor-85d0383069f189da.js:29
ao @ vendor-85d0383069f189da.js:29
aa @ vendor-85d0383069f189da.js:29
ao @ vendor-85d0383069f189da.js:29
aa @ vendor-85d0383069f189da.js:29
ao @ vendor-85d0383069f189da.js:29
aa @ vendor-85d0383069f189da.js:29
ao @ vendor-85d0383069f189da.js:29
aa @ vendor-85d0383069f189da.js:29
ao @ vendor-85d0383069f189da.js:29
aa @ vendor-85d0383069f189da.js:29
ao @ vendor-85d0383069f189da.js:29
aa @ vendor-85d0383069f189da.js:29
ao @ vendor-85d0383069f189da.js:29
aa @ vendor-85d0383069f189da.js:29
ao @ vendor-85d0383069f189da.js:29
aa @ vendor-85d0383069f189da.js:29
ao @ vendor-85d0383069f189da.js:29
aa @ vendor-85d0383069f189da.js:29
ao @ vendor-85d0383069f189da.js:29
aa @ vendor-85d0383069f189da.js:29
ao @ vendor-85d0383069f189da.js:29
aa @ vendor-85d0383069f189da.js:29
ao @ vendor-85d0383069f189da.js:29
aa @ vendor-85d0383069f189da.js:29
ao @ vendor-85d0383069f189da.js:29
aa @ vendor-85d0383069f189da.js:29
ao @ vendor-85d0383069f189da.js:29
aa @ vendor-85d0383069f189da.js:29
ao @ vendor-85d0383069f189da.js:29
aa @ vendor-85d0383069f189da.js:29
ao @ vendor-85d0383069f189da.js:29
aa @ vendor-85d0383069f189da.js:29
ao @ vendor-85d0383069f189da.js:29
aa @ vendor-85d0383069f189da.js:29
ao @ vendor-85d0383069f189da.js:29
aa @ vendor-85d0383069f189da.js:29
ao @ vendor-85d0383069f189da.js:29
aa @ vendor-85d0383069f189da.js:29
ao @ vendor-85d0383069f189da.js:29
aa @ vendor-85d0383069f189da.js:29
ao @ vendor-85d0383069f189da.js:29
aa @ vendor-85d0383069f189da.js:29
ao @ vendor-85d0383069f189da.js:29
aa @ vendor-85d0383069f189da.js:29
ao @ vendor-85d0383069f189da.js:29
aa @ vendor-85d0383069f189da.js:29
ao @ vendor-85d0383069f189da.js:29
aa @ vendor-85d0383069f189da.js:29
ao @ vendor-85d0383069f189da.js:29
aa @ vendor-85d0383069f189da.js:29
ao @ vendor-85d0383069f189da.js:29
aa @ vendor-85d0383069f189da.js:29
ao @ vendor-85d0383069f189da.js:29
aa @ vendor-85d0383069f189da.js:29
ao @ vendor-85d0383069f189da.js:29
aa @ vendor-85d0383069f189da.js:29
ao @ vendor-85d0383069f189da.js:29
aa @ vendor-85d0383069f189da.js:29
ao @ vendor-85d0383069f189da.js:29
aa @ vendor-85d0383069f189da.js:29
ao @ vendor-85d0383069f189da.js:29
aa @ vendor-85d0383069f189da.js:29
ao @ vendor-85d0383069f189da.js:29
aa @ vendor-85d0383069f189da.js:29
ao @ vendor-85d0383069f189da.js:29
aa @ vendor-85d0383069f189da.js:29
ao @ vendor-85d0383069f189da.js:29
aa @ vendor-85d0383069f189da.js:29
ao @ vendor-85d0383069f189da.js:29
aa @ vendor-85d0383069f189da.js:29
ao @ vendor-85d0383069f189da.js:29
aa @ vendor-85d0383069f189da.js:29
lf @ vendor-85d0383069f189da.js:29
a @ vendor-85d0383069f189da.js:29
_ @ vendor-85d0383069f189da.js:28
vendor-85d0383069f189da.js:29 XHR finished loading: GET "https://www.squarefooot.com/api/v1/properties/featured".
(anonymous) @ vendor-85d0383069f189da.js:29
xhr @ vendor-85d0383069f189da.js:29
tr @ vendor-85d0383069f189da.js:29
Promise.then
_request @ vendor-85d0383069f189da.js:29
request @ vendor-85d0383069f189da.js:29
tu.<computed> @ vendor-85d0383069f189da.js:29
(anonymous) @ vendor-85d0383069f189da.js:29
(anonymous) @ common-da01ee9d6c5cb44c.js:1
(anonymous) @ page-94266df628b80b13.js:1
(anonymous) @ page-94266df628b80b13.js:1
oq @ vendor-85d0383069f189da.js:29
an @ vendor-85d0383069f189da.js:29
e @ vendor-85d0383069f189da.js:29
e @ vendor-85d0383069f189da.js:29
e @ vendor-85d0383069f189da.js:29
aa @ vendor-85d0383069f189da.js:29
ao @ vendor-85d0383069f189da.js:29
aa @ vendor-85d0383069f189da.js:29
ao @ vendor-85d0383069f189da.js:29
aa @ vendor-85d0383069f189da.js:29
ao @ vendor-85d0383069f189da.js:29
aa @ vendor-85d0383069f189da.js:29
ao @ vendor-85d0383069f189da.js:29
aa @ vendor-85d0383069f189da.js:29
ao @ vendor-85d0383069f189da.js:29
aa @ vendor-85d0383069f189da.js:29
ao @ vendor-85d0383069f189da.js:29
aa @ vendor-85d0383069f189da.js:29
ao @ vendor-85d0383069f189da.js:29
aa @ vendor-85d0383069f189da.js:29
ao @ vendor-85d0383069f189da.js:29
aa @ vendor-85d0383069f189da.js:29
ao @ vendor-85d0383069f189da.js:29
aa @ vendor-85d0383069f189da.js:29
ao @ vendor-85d0383069f189da.js:29
aa @ vendor-85d0383069f189da.js:29
ao @ vendor-85d0383069f189da.js:29
aa @ vendor-85d0383069f189da.js:29
ao @ vendor-85d0383069f189da.js:29
aa @ vendor-85d0383069f189da.js:29
ao @ vendor-85d0383069f189da.js:29
aa @ vendor-85d0383069f189da.js:29
ao @ vendor-85d0383069f189da.js:29
aa @ vendor-85d0383069f189da.js:29
ao @ vendor-85d0383069f189da.js:29
aa @ vendor-85d0383069f189da.js:29
ao @ vendor-85d0383069f189da.js:29
aa @ vendor-85d0383069f189da.js:29
ao @ vendor-85d0383069f189da.js:29
aa @ vendor-85d0383069f189da.js:29
ao @ vendor-85d0383069f189da.js:29
aa @ vendor-85d0383069f189da.js:29
ao @ vendor-85d0383069f189da.js:29
aa @ vendor-85d0383069f189da.js:29
ao @ vendor-85d0383069f189da.js:29
aa @ vendor-85d0383069f189da.js:29
ao @ vendor-85d0383069f189da.js:29
aa @ vendor-85d0383069f189da.js:29
ao @ vendor-85d0383069f189da.js:29
aa @ vendor-85d0383069f189da.js:29
ao @ vendor-85d0383069f189da.js:29
aa @ vendor-85d0383069f189da.js:29
ao @ vendor-85d0383069f189da.js:29
aa @ vendor-85d0383069f189da.js:29
ao @ vendor-85d0383069f189da.js:29
aa @ vendor-85d0383069f189da.js:29
ao @ vendor-85d0383069f189da.js:29
aa @ vendor-85d0383069f189da.js:29
ao @ vendor-85d0383069f189da.js:29
aa @ vendor-85d0383069f189da.js:29
ao @ vendor-85d0383069f189da.js:29
aa @ vendor-85d0383069f189da.js:29
ao @ vendor-85d0383069f189da.js:29
aa @ vendor-85d0383069f189da.js:29
ao @ vendor-85d0383069f189da.js:29
aa @ vendor-85d0383069f189da.js:29
ao @ vendor-85d0383069f189da.js:29
aa @ vendor-85d0383069f189da.js:29
ao @ vendor-85d0383069f189da.js:29
aa @ vendor-85d0383069f189da.js:29
ao @ vendor-85d0383069f189da.js:29
aa @ vendor-85d0383069f189da.js:29
ao @ vendor-85d0383069f189da.js:29
aa @ vendor-85d0383069f189da.js:29
ao @ vendor-85d0383069f189da.js:29
aa @ vendor-85d0383069f189da.js:29
ao @ vendor-85d0383069f189da.js:29
aa @ vendor-85d0383069f189da.js:29
ao @ vendor-85d0383069f189da.js:29
aa @ vendor-85d0383069f189da.js:29
ao @ vendor-85d0383069f189da.js:29
aa @ vendor-85d0383069f189da.js:29
ao @ vendor-85d0383069f189da.js:29
aa @ vendor-85d0383069f189da.js:29
ao @ vendor-85d0383069f189da.js:29
aa @ vendor-85d0383069f189da.js:29
ao @ vendor-85d0383069f189da.js:29
aa @ vendor-85d0383069f189da.js:29
ao @ vendor-85d0383069f189da.js:29
aa @ vendor-85d0383069f189da.js:29
ao @ vendor-85d0383069f189da.js:29
aa @ vendor-85d0383069f189da.js:29
ao @ vendor-85d0383069f189da.js:29
aa @ vendor-85d0383069f189da.js:29
ao @ vendor-85d0383069f189da.js:29
aa @ vendor-85d0383069f189da.js:29
ao @ vendor-85d0383069f189da.js:29
aa @ vendor-85d0383069f189da.js:29
ao @ vendor-85d0383069f189da.js:29
aa @ vendor-85d0383069f189da.js:29
ao @ vendor-85d0383069f189da.js:29
aa @ vendor-85d0383069f189da.js:29
ao @ vendor-85d0383069f189da.js:29
aa @ vendor-85d0383069f189da.js:29
ao @ vendor-85d0383069f189da.js:29
aa @ vendor-85d0383069f189da.js:29
ao @ vendor-85d0383069f189da.js:29
aa @ vendor-85d0383069f189da.js:29
ao @ vendor-85d0383069f189da.js:29
aa @ vendor-85d0383069f189da.js:29
ao @ vendor-85d0383069f189da.js:29
aa @ vendor-85d0383069f189da.js:29
ao @ vendor-85d0383069f189da.js:29
aa @ vendor-85d0383069f189da.js:29
ao @ vendor-85d0383069f189da.js:29
aa @ vendor-85d0383069f189da.js:29
ao @ vendor-85d0383069f189da.js:29
aa @ vendor-85d0383069f189da.js:29
ao @ vendor-85d0383069f189da.js:29
aa @ vendor-85d0383069f189da.js:29
ao @ vendor-85d0383069f189da.js:29
aa @ vendor-85d0383069f189da.js:29
ao @ vendor-85d0383069f189da.js:29
aa @ vendor-85d0383069f189da.js:29
ao @ vendor-85d0383069f189da.js:29
aa @ vendor-85d0383069f189da.js:29
ao @ vendor-85d0383069f189da.js:29
aa @ vendor-85d0383069f189da.js:29
ao @ vendor-85d0383069f189da.js:29
aa @ vendor-85d0383069f189da.js:29
ao @ vendor-85d0383069f189da.js:29
aa @ vendor-85d0383069f189da.js:29
ao @ vendor-85d0383069f189da.js:29
aa @ vendor-85d0383069f189da.js:29
ao @ vendor-85d0383069f189da.js:29
aa @ vendor-85d0383069f189da.js:29
ao @ vendor-85d0383069f189da.js:29
aa @ vendor-85d0383069f189da.js:29
ao @ vendor-85d0383069f189da.js:29
aa @ vendor-85d0383069f189da.js:29
ao @ vendor-85d0383069f189da.js:29
aa @ vendor-85d0383069f189da.js:29
lf @ vendor-85d0383069f189da.js:29
(anonymous) @ vendor-85d0383069f189da.js:29
lc @ vendor-85d0383069f189da.js:29
nb @ vendor-85d0383069f189da.js:29
nx @ vendor-85d0383069f189da.js:29
(anonymous) @ vendor-85d0383069f189da.js:29
vendor-85d0383069f189da.js:28  GET https://www.squarefooot.com/properties/680cb6370b06b388af8e6ce4?_rsc=1iwkq 500 (Internal Server Error)
c @ vendor-85d0383069f189da.js:28
(anonymous) @ vendor-85d0383069f189da.js:28
o @ vendor-85d0383069f189da.js:28
c @ vendor-85d0383069f189da.js:28
enqueue @ vendor-85d0383069f189da.js:28
c @ vendor-85d0383069f189da.js:28
s @ vendor-85d0383069f189da.js:28
y @ vendor-85d0383069f189da.js:28
d @ vendor-85d0383069f189da.js:28
action @ vendor-85d0383069f189da.js:29
u @ vendor-85d0383069f189da.js:29
(anonymous) @ vendor-85d0383069f189da.js:29
dispatch @ vendor-85d0383069f189da.js:29
(anonymous) @ vendor-85d0383069f189da.js:28
(anonymous) @ vendor-85d0383069f189da.js:28
(anonymous) @ vendor-85d0383069f189da.js:28
t.startTransition @ vendor-85d0383069f189da.js:29
push @ vendor-85d0383069f189da.js:28
V @ common-da01ee9d6c5cb44c.js:1
onClick @ common-da01ee9d6c5cb44c.js:1
oT @ vendor-85d0383069f189da.js:29
oZ @ vendor-85d0383069f189da.js:29
(anonymous) @ vendor-85d0383069f189da.js:29
uR @ vendor-85d0383069f189da.js:29
uA @ vendor-85d0383069f189da.js:29
(anonymous) @ vendor-85d0383069f189da.js:29
a6 @ vendor-85d0383069f189da.js:29
lB @ vendor-85d0383069f189da.js:29
uz @ vendor-85d0383069f189da.js:29
sI @ vendor-85d0383069f189da.js:29
sA @ vendor-85d0383069f189da.js:29
/properties/680cb6370b06b388af8e6ce4?_rsc=1iwkq:1  Failed to load resource: the server responded with a status of 500 ()
vendor-85d0383069f189da.js:28 Fetch failed loading: GET "https://www.squarefooot.com/properties/680cb6370b06b388af8e6ce4?_rsc=1iwkq".
c @ vendor-85d0383069f189da.js:28
(anonymous) @ vendor-85d0383069f189da.js:28
o @ vendor-85d0383069f189da.js:28
c @ vendor-85d0383069f189da.js:28
enqueue @ vendor-85d0383069f189da.js:28
c @ vendor-85d0383069f189da.js:28
s @ vendor-85d0383069f189da.js:28
y @ vendor-85d0383069f189da.js:28
d @ vendor-85d0383069f189da.js:28
action @ vendor-85d0383069f189da.js:29
u @ vendor-85d0383069f189da.js:29
(anonymous) @ vendor-85d0383069f189da.js:29
dispatch @ vendor-85d0383069f189da.js:29
(anonymous) @ vendor-85d0383069f189da.js:28
(anonymous) @ vendor-85d0383069f189da.js:28
(anonymous) @ vendor-85d0383069f189da.js:28
t.startTransition @ vendor-85d0383069f189da.js:29
push @ vendor-85d0383069f189da.js:28
V @ common-da01ee9d6c5cb44c.js:1
onClick @ common-da01ee9d6c5cb44c.js:1
oT @ vendor-85d0383069f189da.js:29
oZ @ vendor-85d0383069f189da.js:29
(anonymous) @ vendor-85d0383069f189da.js:29
uR @ vendor-85d0383069f189da.js:29
uA @ vendor-85d0383069f189da.js:29
(anonymous) @ vendor-85d0383069f189da.js:29
a6 @ vendor-85d0383069f189da.js:29
lB @ vendor-85d0383069f189da.js:29
uz @ vendor-85d0383069f189da.js:29
sI @ vendor-85d0383069f189da.js:29
sA @ vendor-85d0383069f189da.js:29
vendor-85d0383069f189da.js:28  GET https://www.squarefooot.com/properties/680cb6370b06b388af8e6ce4 500 (Internal Server Error)
L @ vendor-85d0383069f189da.js:28
rO @ vendor-85d0383069f189da.js:29
i$ @ vendor-85d0383069f189da.js:29
ll @ vendor-85d0383069f189da.js:29
(anonymous) @ vendor-85d0383069f189da.js:29
a0 @ vendor-85d0383069f189da.js:29
_ @ vendor-85d0383069f189da.js:28
Navigated to https://www.squarefooot.com/properties/680cb6370b06b388af8e6ce4
Navigation to https://www.squarefooot.com/ was restored from back/forward cache (see https://web.dev/bfcache/)
(index):1  Failed to load resource: the server responded with a status of 502 ()
vendor-85d0383069f189da.js:28  GET https://www.squarefooot.com/packers-and-movers?_rsc=13mc5 502 (Bad Gateway)
c @ vendor-85d0383069f189da.js:28
(anonymous) @ vendor-85d0383069f189da.js:28
o @ vendor-85d0383069f189da.js:28
c @ vendor-85d0383069f189da.js:28
enqueue @ vendor-85d0383069f189da.js:28
c @ vendor-85d0383069f189da.js:28
s @ vendor-85d0383069f189da.js:28
l @ vendor-85d0383069f189da.js:28
d @ vendor-85d0383069f189da.js:28
action @ vendor-85d0383069f189da.js:29
u @ vendor-85d0383069f189da.js:29
(anonymous) @ vendor-85d0383069f189da.js:29
dispatch @ vendor-85d0383069f189da.js:29
(anonymous) @ vendor-85d0383069f189da.js:28
(anonymous) @ vendor-85d0383069f189da.js:28
t.startTransition @ vendor-85d0383069f189da.js:29
prefetch @ vendor-85d0383069f189da.js:28
(anonymous) @ vendor-85d0383069f189da.js:28
y @ vendor-85d0383069f189da.js:28
(anonymous) @ vendor-85d0383069f189da.js:28
oq @ vendor-85d0383069f189da.js:29
an @ vendor-85d0383069f189da.js:29
aa @ vendor-85d0383069f189da.js:29
ao @ vendor-85d0383069f189da.js:29
aa @ vendor-85d0383069f189da.js:29
ao @ vendor-85d0383069f189da.js:29
aa @ vendor-85d0383069f189da.js:29
ao @ vendor-85d0383069f189da.js:29
aa @ vendor-85d0383069f189da.js:29
ao @ vendor-85d0383069f189da.js:29
aa @ vendor-85d0383069f189da.js:29
ao @ vendor-85d0383069f189da.js:29
aa @ vendor-85d0383069f189da.js:29
ao @ vendor-85d0383069f189da.js:29
aa @ vendor-85d0383069f189da.js:29
ao @ vendor-85d0383069f189da.js:29
aa @ vendor-85d0383069f189da.js:29
ao @ vendor-85d0383069f189da.js:29
aa @ vendor-85d0383069f189da.js:29
ao @ vendor-85d0383069f189da.js:29
aa @ vendor-85d0383069f189da.js:29
ao @ vendor-85d0383069f189da.js:29
aa @ vendor-85d0383069f189da.js:29
ao @ vendor-85d0383069f189da.js:29
aa @ vendor-85d0383069f189da.js:29
ao @ vendor-85d0383069f189da.js:29
aa @ vendor-85d0383069f189da.js:29
ao @ vendor-85d0383069f189da.js:29
aa @ vendor-85d0383069f189da.js:29
ao @ vendor-85d0383069f189da.js:29
aa @ vendor-85d0383069f189da.js:29
ao @ vendor-85d0383069f189da.js:29
aa @ vendor-85d0383069f189da.js:29
ao @ vendor-85d0383069f189da.js:29
aa @ vendor-85d0383069f189da.js:29
ao @ vendor-85d0383069f189da.js:29
aa @ vendor-85d0383069f189da.js:29
ao @ vendor-85d0383069f189da.js:29
aa @ vendor-85d0383069f189da.js:29
ao @ vendor-85d0383069f189da.js:29
aa @ vendor-85d0383069f189da.js:29
ao @ vendor-85d0383069f189da.js:29
aa @ vendor-85d0383069f189da.js:29
ao @ vendor-85d0383069f189da.js:29
aa @ vendor-85d0383069f189da.js:29
ao @ vendor-85d0383069f189da.js:29
aa @ vendor-85d0383069f189da.js:29
ao @ vendor-85d0383069f189da.js:29
aa @ vendor-85d0383069f189da.js:29
ao @ vendor-85d0383069f189da.js:29
aa @ vendor-85d0383069f189da.js:29
ao @ vendor-85d0383069f189da.js:29
aa @ vendor-85d0383069f189da.js:29
ao @ vendor-85d0383069f189da.js:29
aa @ vendor-85d0383069f189da.js:29
ao @ vendor-85d0383069f189da.js:29
aa @ vendor-85d0383069f189da.js:29
ao @ vendor-85d0383069f189da.js:29
aa @ vendor-85d0383069f189da.js:29
ao @ vendor-85d0383069f189da.js:29
aa @ vendor-85d0383069f189da.js:29
ao @ vendor-85d0383069f189da.js:29
aa @ vendor-85d0383069f189da.js:29
ao @ vendor-85d0383069f189da.js:29
aa @ vendor-85d0383069f189da.js:29
ao @ vendor-85d0383069f189da.js:29
aa @ vendor-85d0383069f189da.js:29
ao @ vendor-85d0383069f189da.js:29
aa @ vendor-85d0383069f189da.js:29
ao @ vendor-85d0383069f189da.js:29
aa @ vendor-85d0383069f189da.js:29
ao @ vendor-85d0383069f189da.js:29
aa @ vendor-85d0383069f189da.js:29
ao @ vendor-85d0383069f189da.js:29
aa @ vendor-85d0383069f189da.js:29
ao @ vendor-85d0383069f189da.js:29
aa @ vendor-85d0383069f189da.js:29
ao @ vendor-85d0383069f189da.js:29
aa @ vendor-85d0383069f189da.js:29
ao @ vendor-85d0383069f189da.js:29
aa @ vendor-85d0383069f189da.js:29
ao @ vendor-85d0383069f189da.js:29
aa @ vendor-85d0383069f189da.js:29
ao @ vendor-85d0383069f189da.js:29
aa @ vendor-85d0383069f189da.js:29
ao @ vendor-85d0383069f189da.js:29
aa @ vendor-85d0383069f189da.js:29
ao @ vendor-85d0383069f189da.js:29
aa @ vendor-85d0383069f189da.js:29
ao @ vendor-85d0383069f189da.js:29
aa @ vendor-85d0383069f189da.js:29
ao @ vendor-85d0383069f189da.js:29
aa @ vendor-85d0383069f189da.js:29
ao @ vendor-85d0383069f189da.js:29
aa @ vendor-85d0383069f189da.js:29
ao @ vendor-85d0383069f189da.js:29
aa @ vendor-85d0383069f189da.js:29
ao @ vendor-85d0383069f189da.js:29
aa @ vendor-85d0383069f189da.js:29
ao @ vendor-85d0383069f189da.js:29
aa @ vendor-85d0383069f189da.js:29
ao @ vendor-85d0383069f189da.js:29
aa @ vendor-85d0383069f189da.js:29
ao @ vendor-85d0383069f189da.js:29
aa @ vendor-85d0383069f189da.js:29
ao @ vendor-85d0383069f189da.js:29
aa @ vendor-85d0383069f189da.js:29
ao @ vendor-85d0383069f189da.js:29
aa @ vendor-85d0383069f189da.js:29
ao @ vendor-85d0383069f189da.js:29
aa @ vendor-85d0383069f189da.js:29
ao @ vendor-85d0383069f189da.js:29
aa @ vendor-85d0383069f189da.js:29
ao @ vendor-85d0383069f189da.js:29
aa @ vendor-85d0383069f189da.js:29
ao @ vendor-85d0383069f189da.js:29
aa @ vendor-85d0383069f189da.js:29
lf @ vendor-85d0383069f189da.js:29
a @ vendor-85d0383069f189da.js:29
_ @ vendor-85d0383069f189da.js:28
vendor-85d0383069f189da.js:28 Fetch failed loading: GET "https://www.squarefooot.com/packers-and-movers?_rsc=13mc5".
c @ vendor-85d0383069f189da.js:28
(anonymous) @ vendor-85d0383069f189da.js:28
o @ vendor-85d0383069f189da.js:28
c @ vendor-85d0383069f189da.js:28
enqueue @ vendor-85d0383069f189da.js:28
c @ vendor-85d0383069f189da.js:28
s @ vendor-85d0383069f189da.js:28
l @ vendor-85d0383069f189da.js:28
d @ vendor-85d0383069f189da.js:28
action @ vendor-85d0383069f189da.js:29
u @ vendor-85d0383069f189da.js:29
(anonymous) @ vendor-85d0383069f189da.js:29
dispatch @ vendor-85d0383069f189da.js:29
(anonymous) @ vendor-85d0383069f189da.js:28
(anonymous) @ vendor-85d0383069f189da.js:28
t.startTransition @ vendor-85d0383069f189da.js:29
prefetch @ vendor-85d0383069f189da.js:28
(anonymous) @ vendor-85d0383069f189da.js:28
y @ vendor-85d0383069f189da.js:28
(anonymous) @ vendor-85d0383069f189da.js:28
oq @ vendor-85d0383069f189da.js:29
an @ vendor-85d0383069f189da.js:29
aa @ vendor-85d0383069f189da.js:29
ao @ vendor-85d0383069f189da.js:29
aa @ vendor-85d0383069f189da.js:29
ao @ vendor-85d0383069f189da.js:29
aa @ vendor-85d0383069f189da.js:29
ao @ vendor-85d0383069f189da.js:29
aa @ vendor-85d0383069f189da.js:29
ao @ vendor-85d0383069f189da.js:29
aa @ vendor-85d0383069f189da.js:29
ao @ vendor-85d0383069f189da.js:29
aa @ vendor-85d0383069f189da.js:29
ao @ vendor-85d0383069f189da.js:29
aa @ vendor-85d0383069f189da.js:29
ao @ vendor-85d0383069f189da.js:29
aa @ vendor-85d0383069f189da.js:29
ao @ vendor-85d0383069f189da.js:29
aa @ vendor-85d0383069f189da.js:29
ao @ vendor-85d0383069f189da.js:29
aa @ vendor-85d0383069f189da.js:29
ao @ vendor-85d0383069f189da.js:29
aa @ vendor-85d0383069f189da.js:29
ao @ vendor-85d0383069f189da.js:29
aa @ vendor-85d0383069f189da.js:29
ao @ vendor-85d0383069f189da.js:29
aa @ vendor-85d0383069f189da.js:29
ao @ vendor-85d0383069f189da.js:29
aa @ vendor-85d0383069f189da.js:29
ao @ vendor-85d0383069f189da.js:29
aa @ vendor-85d0383069f189da.js:29
ao @ vendor-85d0383069f189da.js:29
aa @ vendor-85d0383069f189da.js:29
ao @ vendor-85d0383069f189da.js:29
aa @ vendor-85d0383069f189da.js:29
ao @ vendor-85d0383069f189da.js:29
aa @ vendor-85d0383069f189da.js:29
ao @ vendor-85d0383069f189da.js:29
aa @ vendor-85d0383069f189da.js:29
ao @ vendor-85d0383069f189da.js:29
aa @ vendor-85d0383069f189da.js:29
ao @ vendor-85d0383069f189da.js:29
aa @ vendor-85d0383069f189da.js:29
ao @ vendor-85d0383069f189da.js:29
aa @ vendor-85d0383069f189da.js:29
ao @ vendor-85d0383069f189da.js:29
aa @ vendor-85d0383069f189da.js:29
ao @ vendor-85d0383069f189da.js:29
aa @ vendor-85d0383069f189da.js:29
ao @ vendor-85d0383069f189da.js:29
aa @ vendor-85d0383069f189da.js:29
ao @ vendor-85d0383069f189da.js:29
aa @ vendor-85d0383069f189da.js:29
ao @ vendor-85d0383069f189da.js:29
aa @ vendor-85d0383069f189da.js:29
ao @ vendor-85d0383069f189da.js:29
aa @ vendor-85d0383069f189da.js:29
ao @ vendor-85d0383069f189da.js:29
aa @ vendor-85d0383069f189da.js:29
ao @ vendor-85d0383069f189da.js:29
aa @ vendor-85d0383069f189da.js:29
ao @ vendor-85d0383069f189da.js:29
aa @ vendor-85d0383069f189da.js:29
ao @ vendor-85d0383069f189da.js:29
aa @ vendor-85d0383069f189da.js:29
ao @ vendor-85d0383069f189da.js:29
aa @ vendor-85d0383069f189da.js:29
ao @ vendor-85d0383069f189da.js:29
aa @ vendor-85d0383069f189da.js:29
ao @ vendor-85d0383069f189da.js:29
aa @ vendor-85d0383069f189da.js:29
ao @ vendor-85d0383069f189da.js:29
aa @ vendor-85d0383069f189da.js:29
ao @ vendor-85d0383069f189da.js:29
aa @ vendor-85d0383069f189da.js:29
ao @ vendor-85d0383069f189da.js:29
aa @ vendor-85d0383069f189da.js:29
ao @ vendor-85d0383069f189da.js:29
aa @ vendor-85d0383069f189da.js:29
ao @ vendor-85d0383069f189da.js:29
aa @ vendor-85d0383069f189da.js:29
ao @ vendor-85d0383069f189da.js:29
aa @ vendor-85d0383069f189da.js:29
ao @ vendor-85d0383069f189da.js:29
aa @ vendor-85d0383069f189da.js:29
ao @ vendor-85d0383069f189da.js:29
aa @ vendor-85d0383069f189da.js:29
ao @ vendor-85d0383069f189da.js:29
aa @ vendor-85d0383069f189da.js:29
ao @ vendor-85d0383069f189da.js:29
aa @ vendor-85d0383069f189da.js:29
ao @ vendor-85d0383069f189da.js:29
aa @ vendor-85d0383069f189da.js:29
ao @ vendor-85d0383069f189da.js:29
aa @ vendor-85d0383069f189da.js:29
ao @ vendor-85d0383069f189da.js:29
aa @ vendor-85d0383069f189da.js:29
ao @ vendor-85d0383069f189da.js:29
aa @ vendor-85d0383069f189da.js:29
ao @ vendor-85d0383069f189da.js:29
aa @ vendor-85d0383069f189da.js:29
ao @ vendor-85d0383069f189da.js:29
aa @ vendor-85d0383069f189da.js:29
ao @ vendor-85d0383069f189da.js:29
aa @ vendor-85d0383069f189da.js:29
ao @ vendor-85d0383069f189da.js:29
aa @ vendor-85d0383069f189da.js:29
ao @ vendor-85d0383069f189da.js:29
aa @ vendor-85d0383069f189da.js:29
ao @ vendor-85d0383069f189da.js:29
aa @ vendor-85d0383069f189da.js:29
ao @ vendor-85d0383069f189da.js:29
aa @ vendor-85d0383069f189da.js:29
ao @ vendor-85d0383069f189da.js:29
aa @ vendor-85d0383069f189da.js:29
ao @ vendor-85d0383069f189da.js:29
aa @ vendor-85d0383069f189da.js:29
lf @ vendor-85d0383069f189da.js:29
a @ vendor-85d0383069f189da.js:29
_ @ vendor-85d0383069f189da.js:28
c7874c940e115d5f.css:1  GET https://www.squarefooot.com/team-pattern.png 404 (Not Found)
/project1.jpg:1  GET https://www.squarefooot.com/project1.jpg 404 (Not Found)
Image
uG @ vendor-85d0383069f189da.js:29
uX @ vendor-85d0383069f189da.js:29
(anonymous) @ vendor-85d0383069f189da.js:29
lu @ vendor-85d0383069f189da.js:29
la @ vendor-85d0383069f189da.js:29
(anonymous) @ vendor-85d0383069f189da.js:29
(anonymous) @ vendor-85d0383069f189da.js:29
a0 @ vendor-85d0383069f189da.js:29
_ @ vendor-85d0383069f189da.js:28
project2.jpg:1  GET https://www.squarefooot.com/project2.jpg 404 (Not Found)
Image
uG @ vendor-85d0383069f189da.js:29
uX @ vendor-85d0383069f189da.js:29
(anonymous) @ vendor-85d0383069f189da.js:29
lu @ vendor-85d0383069f189da.js:29
la @ vendor-85d0383069f189da.js:29
(anonymous) @ vendor-85d0383069f189da.js:29
(anonymous) @ vendor-85d0383069f189da.js:29
a0 @ vendor-85d0383069f189da.js:29
_ @ vendor-85d0383069f189da.js:28
project3.jpg:1  GET https://www.squarefooot.com/project3.jpg 404 (Not Found)
Image
uG @ vendor-85d0383069f189da.js:29
uX @ vendor-85d0383069f189da.js:29
(anonymous) @ vendor-85d0383069f189da.js:29
lu @ vendor-85d0383069f189da.js:29
la @ vendor-85d0383069f189da.js:29
(anonymous) @ vendor-85d0383069f189da.js:29
(anonymous) @ vendor-85d0383069f189da.js:29
a0 @ vendor-85d0383069f189da.js:29
_ @ vendor-85d0383069f189da.js:28
project4.jpg:1  GET https://www.squarefooot.com/project4.jpg 404 (Not Found)
Image
uG @ vendor-85d0383069f189da.js:29
uX @ vendor-85d0383069f189da.js:29
(anonymous) @ vendor-85d0383069f189da.js:29
lu @ vendor-85d0383069f189da.js:29
la @ vendor-85d0383069f189da.js:29
(anonymous) @ vendor-85d0383069f189da.js:29
(anonymous) @ vendor-85d0383069f189da.js:29
a0 @ vendor-85d0383069f189da.js:29
_ @ vendor-85d0383069f189da.js:28
Navigated to https://www.squarefooot.com/packers-and-movers
vendor-85d0383069f189da.js:29 Uncaught Error: Minified React error #329; visit https://react.dev/errors/329 for the full message or use the non-minified dev environment for full errors and additional helpful warnings.
    at a0 (vendor-85d0383069f189da.js:29:444394)
    at MessagePort._ (vendor-85d0383069f189da.js:28:379093)
a0 @ vendor-85d0383069f189da.js:29
_ @ vendor-85d0383069f189da.js:28
packers-and-movers:9 LCP: 540
